elapsed_s,attack_time_s,activated,gps_sent,inj_lat,inj_lon,inj_alt,inj_vn,inj_ve,inj_vd,fix_type,h_acc,v_acc,s_acc,truth_lat,truth_lon,truth_alt,e_inject_h_m
2.3120001060306095e-06,-72.95309772499968,0,1,35.93051398,-84.31067453,0.0,0.0,0.0,0.0,3,0.5,2.0,0.5,nan,nan,nan,nan
0.2004146959998252,-72.75268534099996,0,1,35.93051398,-84.31067453,0.0,0.0,0.0,0.0,3,0.5,2.0,0.5,nan,nan,nan,nan
0.4018266200000653,-72.55127341699972,0,1,35.93051398,-84.31067453,0.0,0.0,0.0,0.0,3,0.5,2.0,0.5,nan,nan,nan,nan
0.6031863219996012,-72.34991371500018,0,1,35.9305139,-84.3106745,0.0,0.0,0.0,0.0,3,0.5,2.0,0.5,nan,nan,nan,nan
0.8049728679998225,-72.14812716899996,0,1,35.9305139,-84.3106745,0.0,0.0,0.0,0.0,3,0.5,2.0,0.5,nan,nan,nan,nan
1.00590494700009,-71.9471950899997,0,1,35.9305139,-84.3106744,0.0,0.0,0.0,0.13,3,0.5,2.0,0.5,35.9305139,-84.3106744,nan,0.0
1.2077689329998975,-71.74533110399989,0,1,35.9305139,-84.3106744,0.0,0.0,0.0,0.18,3,0.5,2.0,0.5,35.9305139,-84.3106744,nan,0.0
1.4097864029999982,-71.54331363399979,0,1,35.9305139,-84.3106744,0.0,0.0,0.0,0.18,3,0.5,2.0,0.5,35.9305139,-84.3106744,nan,0.0
1.6116696199997023,-71.34143041700008,0,1,35.9305139,-84.3106744,0.0,0.0,0.0,0.18,3,0.5,2.0,0.5,35.9305139,-84.3106744,nan,0.0
1.8139152679996187,-71.13918476900017,0,1,35.9305139,-84.3106744,0.0,0.0,0.0,0.18,3,0.5,2.0,0.5,35.9305139,-84.3106744,nan,0.0
2.015179938000074,-70.93792009899971,0,1,35.9305139,-84.3106744,0.0,0.0,0.0,0.16,3,0.5,2.0,0.5,35.9305139,-84.3106744,nan,0.0
2.215949556999476,-70.73715048000031,0,1,35.9305139,-84.3106744,0.0,0.0,0.0,0.16,3,0.5,2.0,0.5,35.9305139,-84.3106744,nan,0.0
2.4177214229994206,-70.53537861400036,0,1,35.9305139,-84.3106744,0.0,0.0,0.0,0.13,3,0.5,2.0,0.5,35.9305139,-84.3106744,nan,0.0
2.618488915999478,-70.33461112100031,0,1,35.9305139,-84.3106744,0.0,0.0,0.0,0.13,3,0.5,2.0,0.5,35.9305139,-84.3106744,nan,0.0
2.8196373139999196,-70.13346272299987,0,1,35.9305139,-84.3106744,0.0,0.0,0.0,0.1,3,0.5,2.0,0.5,35.9305139,-84.3106744,nan,0.0
3.0211586599998554,-69.93194137699993,0,1,35.9305139,-84.3106744,0.0,0.0,0.0,0.1,3,0.5,2.0,0.5,35.9305139,-84.3106744,nan,0.0
3.2218476529997133,-69.73125238400007,0,1,35.9305139,-84.3106744,0.0,0.0,0.0,0.1,3,0.5,2.0,0.5,35.9305139,-84.3106744,nan,0.0
3.4224684589999015,-69.53063157799988,0,1,35.9305139,-84.3106744,0.0,0.0,0.0,0.1,3,0.5,2.0,0.5,35.9305139,-84.3106744,nan,0.0
3.623668438000095,-69.32943159899969,0,1,35.9305139,-84.3106744,0.0,0.0,0.0,0.1,3,0.5,2.0,0.5,35.9305139,-84.3106744,nan,0.0
3.8245874639997055,-69.12851257300008,0,1,35.9305139,-84.3106744,0.0,0.0,0.0,0.1,3,0.5,2.0,0.5,35.9305139,-84.3106744,nan,0.0
4.026319048000005,-68.92678098899978,0,1,35.9305139,-84.3106744,0.0,0.0,0.0,0.1,3,0.5,2.0,0.5,35.9305139,-84.3106744,nan,0.0
4.228092069999548,-68.72500796700024,0,1,35.9305139,-84.3106744,0.0,0.0,0.0,0.1,3,0.5,2.0,0.5,35.9305139,-84.3106744,nan,0.0
4.428755595999974,-68.52434444099981,0,1,35.9305139,-84.3106744,0.0,0.0,0.0,0.01,3,0.5,2.0,0.5,35.9305139,-84.3106744,nan,0.0
4.630855291999978,-68.32224474499981,0,1,35.9305139,-84.3106744,0.0,0.0,0.0,0.01,3,0.5,2.0,0.5,35.9305139,-84.3106744,nan,0.0
4.832046928999262,-68.12105310800052,0,1,35.9305139,-84.3106744,0.0,0.0,0.0,0.01,3,0.5,2.0,0.5,35.9305139,-84.3106744,nan,0.0
5.032956125000055,-67.92014391199973,0,1,35.9305139,-84.3106744,0.0,0.0,0.0,0.01,3,0.5,2.0,0.5,35.9305139,-84.3106744,nan,0.0
5.234206358999472,-67.71889367800031,0,1,35.9305139,-84.3106744,0.0,0.0,0.0,0.01,3,0.5,2.0,0.5,35.9305139,-84.3106744,nan,0.0
5.434904166999331,-67.51819587000045,0,1,35.9305139,-84.3106744,0.0,0.0,0.0,0.01,3,0.5,2.0,0.5,35.9305139,-84.3106744,nan,0.0
5.636018982999303,-67.31708105400048,0,1,35.9305139,-84.3106744,0.0,0.0,0.0,-0.04,3,0.5,2.0,0.5,35.9305139,-84.3106744,nan,0.0
5.837166928999977,-67.11593310799981,0,1,35.9305139,-84.3106744,0.0,0.0,0.0,-0.04,3,0.5,2.0,0.5,35.9305139,-84.3106744,nan,0.0
6.038601096000093,-66.91449894099969,0,1,35.9305139,-84.3106744,0.0,0.0,0.0,-0.04,3,0.5,2.0,0.5,35.9305139,-84.3106744,nan,0.0
6.239366021999558,-66.71373401500023,0,1,35.9305139,-84.3106744,0.0,0.0,0.0,-0.04,3,0.5,2.0,0.5,35.9305139,-84.3106744,nan,0.0
6.440694891999556,-66.51240514500023,0,1,35.9305139,-84.3106744,0.0,0.0,0.0,-0.04,3,0.5,2.0,0.5,35.9305139,-84.3106744,nan,0.0
6.6423707339999964,-66.31072930299979,0,1,35.9305139,-84.3106744,0.0,0.0,0.0,-0.04,3,0.5,2.0,0.5,35.9305139,-84.3106744,nan,0.0
6.843460630999289,-66.1096394060005,0,1,35.9305139,-84.3106744,0.0,0.0,0.0,-0.04,3,0.5,2.0,0.5,35.9305139,-84.3106744,nan,0.0
7.045949141999699,-65.90715089500009,0,1,35.9305139,-84.3106744,0.0,0.0,0.0,-0.06,3,0.5,2.0,0.5,35.9305139,-84.3106744,nan,0.0
7.247166461999768,-65.70593357500002,0,1,35.9305139,-84.3106744,0.0,0.0,0.0,-0.06,3,0.5,2.0,0.5,35.9305139,-84.3106744,nan,0.0
7.449734129999342,-65.50336590700044,0,1,35.9305139,-84.3106744,0.0,0.0,0.0,-0.06,3,0.5,2.0,0.5,35.9305139,-84.3106744,nan,0.0
7.6528046559997165,-65.30029538100007,0,1,35.9305139,-84.3106744,0.0,0.0,0.0,-0.06,3,0.5,2.0,0.5,35.9305139,-84.3106744,nan,0.0
7.853683043999808,-65.09941699299998,0,1,35.9305139,-84.3106744,0.0,0.0,0.0,-0.06,3,0.5,2.0,0.5,35.9305139,-84.3106744,nan,0.0
8.054841083999236,-64.89825895300055,0,1,35.9305139,-84.3106744,0.0,0.0,0.0,-0.06,3,0.5,2.0,0.5,35.9305139,-84.3106744,nan,0.0
8.255443880999337,-64.69765615600045,0,1,35.9305139,-84.3106744,0.0,0.0,0.0,-0.05,3,0.5,2.0,0.5,35.9305139,-84.3106744,nan,0.0
8.456371087999287,-64.4967289490005,0,1,35.9305139,-84.3106744,0.0,0.0,0.0,-0.05,3,0.5,2.0,0.5,35.9305139,-84.3106744,nan,0.0
8.657360317999519,-64.29573971900027,0,1,35.9305139,-84.3106744,0.0,0.0,0.0,-0.05,3,0.5,2.0,0.5,35.9305139,-84.3106744,nan,0.0
8.858651669999745,-64.09444836700004,0,1,35.9305139,-84.3106744,0.0,0.0,0.0,-0.05,3,0.5,2.0,0.5,35.9305139,-84.3106744,nan,0.0
9.060159154999383,-63.8929408820004,0,1,35.9305139,-84.3106744,0.0,0.0,0.0,-0.05,3,0.5,2.0,0.5,35.9305139,-84.3106744,nan,0.0
9.261292995000076,-63.69180704199971,0,1,35.9305139,-84.3106744,0.0,0.0,0.0,-0.05,3,0.5,2.0,0.5,35.9305139,-84.3106744,nan,0.0
9.463333273999524,-63.48976676300026,0,1,35.9305139,-84.3106744,0.0,0.0,0.0,-0.05,3,0.5,2.0,0.5,35.9305139,-84.3106744,nan,0.0
9.66447085999971,-63.288629177000075,0,1,35.9305139,-84.3106744,0.0,0.0,0.0,-0.05,3,0.5,2.0,0.5,35.9305139,-84.3106744,nan,0.0
9.864952518999416,-63.08814751800037,0,1,35.9305139,-84.3106744,0.0,0.0,0.0,-0.03,3,0.5,2.0,0.5,35.9305139,-84.3106744,nan,0.0
10.067389574999652,-62.885710462000134,0,1,35.9305139,-84.3106744,0.0,0.0,0.0,-0.03,3,0.5,2.0,0.5,35.9305139,-84.3106744,nan,0.0
10.268673814999602,-62.684426222000184,0,1,35.9305139,-84.3106744,0.0,0.0,0.0,-0.03,3,0.5,2.0,0.5,35.9305139,-84.3106744,nan,0.0
10.469626886999322,-62.483473150000464,0,1,35.9305139,-84.3106744,0.0,0.0,0.0,-0.03,3,0.5,2.0,0.5,35.9305139,-84.3106744,nan,0.0
10.670938831999592,-62.28216120500019,0,1,35.9305139,-84.3106744,0.0,0.0,0.0,-0.03,3,0.5,2.0,0.5,35.9305139,-84.3106744,nan,0.0
10.871730864999336,-62.08136917200045,0,1,35.9305139,-84.3106744,0.0,0.0,0.0,-0.03,3,0.5,2.0,0.5,35.9305139,-84.3106744,nan,0.0
11.0727774399993,-61.880322597000486,0,1,35.9305139,-84.3106744,0.0,0.0,0.0,-0.03,3,0.5,2.0,0.5,35.9305139,-84.3106744,nan,0.0
11.273916552999253,-61.67918348400053,0,1,35.9305139,-84.3106744,0.0,0.0,0.0,-0.03,3,0.5,2.0,0.5,35.9305139,-84.3106744,nan,0.0
11.475004105999687,-61.4780959310001,0,1,35.9305139,-84.3106744,0.0,0.0,0.0,-0.02,3,0.5,2.0,0.5,35.9305139,-84.3106744,nan,0.0
11.675804771999537,-61.27729526500025,0,1,35.9305139,-84.3106744,0.0,0.0,0.0,-0.02,3,0.5,2.0,0.5,35.9305139,-84.3106744,nan,0.0
11.876404718999765,-61.07669531800002,0,1,35.9305139,-84.3106744,0.0,0.0,0.0,-0.02,3,0.5,2.0,0.5,35.9305139,-84.3106744,nan,0.0
12.077463184999942,-60.87563685199984,0,1,35.9305139,-84.3106744,0.0,0.0,0.0,-0.02,3,0.5,2.0,0.5,35.9305139,-84.3106744,nan,0.0
12.278295722999246,-60.67480431400054,0,1,35.9305139,-84.3106744,0.0,0.0,0.0,-0.02,3,0.5,2.0,0.5,35.9305139,-84.3106744,nan,0.0
12.480020750999756,-60.47307928600003,0,1,35.9305139,-84.3106744,0.0,0.0,0.0,-0.02,3,0.5,2.0,0.5,35.9305139,-84.3106744,nan,0.0
12.68118922299982,-60.271910813999966,0,1,35.9305139,-84.3106744,0.0,0.0,0.0,-0.02,3,0.5,2.0,0.5,35.9305139,-84.3106744,nan,0.0
12.883117843999571,-60.069982193000214,0,1,35.9305139,-84.3106744,0.0,0.0,0.0,-0.03,3,0.5,2.0,0.5,35.9305139,-84.3106744,nan,0.0
13.08541930499996,-59.867680731999826,0,1,35.9305139,-84.3106744,0.0,0.0,0.0,-0.03,3,0.5,2.0,0.5,35.9305139,-84.3106744,nan,0.0
13.287072625999826,-59.66602741099996,0,1,35.9305139,-84.3106744,0.0,0.0,0.0,-0.03,3,0.5,2.0,0.5,35.9305139,-84.3106744,nan,0.0
13.488267390999681,-59.464832646000104,0,1,35.9305139,-84.3106744,0.0,0.0,0.0,-0.03,3,0.5,2.0,0.5,35.9305139,-84.3106744,nan,0.0
13.690087717000097,-59.26301231999969,0,1,35.9305139,-84.3106744,0.0,0.0,0.0,-0.03,3,0.5,2.0,0.5,35.9305139,-84.3106744,nan,0.0
13.89079391299947,-59.062306124000315,0,1,35.9305139,-84.3106744,0.0,0.0,0.0,-0.03,3,0.5,2.0,0.5,35.9305139,-84.3106744,nan,0.0
14.09233641999981,-58.860763616999975,0,1,35.9305139,-84.3106744,0.0,0.0,0.0,-0.03,3,0.5,2.0,0.5,35.9305139,-84.3106744,nan,0.0
14.293405380999502,-58.65969465600028,0,1,35.9305139,-84.3106744,0.0,0.0,0.0,-0.03,3,0.5,2.0,0.5,35.9305139,-84.3106744,nan,0.0
14.495080562999647,-58.45801947400014,0,1,35.9305139,-84.3106744,0.0,0.0,0.0,-0.03,3,0.5,2.0,0.5,35.9305139,-84.3106744,nan,0.0
14.696398398999918,-58.25670163799987,0,1,35.9305139,-84.3106744,0.0,0.0,0.0,-0.03,3,0.5,2.0,0.5,35.9305139,-84.3106744,nan,0.0
14.898350703999313,-58.05474933300047,0,1,35.9305139,-84.3106744,0.0,0.0,0.0,-0.03,3,0.5,2.0,0.5,35.9305139,-84.3106744,nan,0.0
15.099571195999488,-57.8535288410003,0,1,35.9305139,-84.3106744,0.0,0.0,0.0,-0.03,3,0.5,2.0,0.5,35.9305139,-84.3106744,nan,0.0
15.301354962000005,-57.65174507499978,0,1,35.9305139,-84.3106744,0.0,0.0,0.0,-0.03,3,0.5,2.0,0.5,35.9305139,-84.3106744,nan,0.0
15.502921195999988,-57.4501788409998,0,1,35.9305139,-84.3106744,0.0,0.0,0.0,-0.03,3,0.5,2.0,0.5,35.9305139,-84.3106744,nan,0.0
15.703921534000074,-57.24917850299971,0,1,35.9305139,-84.3106744,0.0,0.0,0.0,-0.03,3,0.5,2.0,0.5,35.9305139,-84.3106744,nan,0.0
15.904404418000013,-57.04869561899977,0,1,35.9305139,-84.3106744,0.0,0.0,0.0,-0.03,3,0.5,2.0,0.5,35.9305139,-84.3106744,nan,0.0
16.10574201199961,-56.847358025000176,0,1,35.9305139,-84.3106744,0.0,0.0,0.0,-0.03,3,0.5,2.0,0.5,35.9305139,-84.3106744,nan,0.0
16.30735510699924,-56.645744930000546,0,1,35.9305139,-84.3106744,0.0,0.0,0.0,-0.03,3,0.5,2.0,0.5,35.9305139,-84.3106744,nan,0.0
16.509336505999272,-56.44376353100051,0,1,35.9305139,-84.3106744,0.0,0.0,0.0,-0.03,3,0.5,2.0,0.5,35.9305139,-84.3106744,nan,0.0
16.710574177000126,-56.24252585999966,0,1,35.9305139,-84.3106744,0.0,0.0,0.0,-0.03,3,0.5,2.0,0.5,35.9305139,-84.3106744,nan,0.0
16.91183622099925,-56.04126381600054,0,1,35.9305139,-84.3106744,0.0,0.0,0.0,-0.03,3,0.5,2.0,0.5,35.9305139,-84.3106744,nan,0.0
17.11466717299936,-55.838432864000424,0,1,35.9305139,-84.3106744,0.0,0.0,0.0,-0.03,3,0.5,2.0,0.5,35.9305139,-84.3106744,nan,0.0
17.316254929000024,-55.63684510799976,0,1,35.9305139,-84.3106744,0.0,0.0,0.0,-0.03,3,0.5,2.0,0.5,35.9305139,-84.3106744,nan,0.0
17.518171308999626,-55.43492872800016,0,1,35.9305139,-84.3106744,0.0,0.0,0.0,-0.03,3,0.5,2.0,0.5,35.9305139,-84.3106744,nan,0.0
17.719013537999672,-55.234086499000114,0,1,35.9305139,-84.3106744,0.0,0.0,0.0,-0.03,3,0.5,2.0,0.5,35.9305139,-84.3106744,nan,0.0
17.920358467999904,-55.03274156899988,0,1,35.9305139,-84.3106744,0.0,0.0,0.0,-0.03,3,0.5,2.0,0.5,35.9305139,-84.3106744,nan,0.0
18.121089100999598,-54.83201093600019,0,1,35.9305139,-84.3106744,0.0,0.0,0.0,-0.04,3,0.5,2.0,0.5,35.9305139,-84.3106744,nan,0.0
18.323435884999526,-54.62966415200026,0,1,35.9305139,-84.3106744,0.0,0.0,0.0,-0.04,3,0.5,2.0,0.5,35.9305139,-84.3106744,nan,0.0
18.525236139999834,-54.42786389699995,0,1,35.9305139,-84.3106744,0.0,0.0,0.0,-0.04,3,0.5,2.0,0.5,35.9305139,-84.3106744,nan,0.0
18.72662259899971,-54.226477438000074,0,1,35.9305139,-84.3106744,0.0,0.0,0.0,-0.04,3,0.5,2.0,0.5,35.9305139,-84.3106744,nan,0.0
18.927379783000106,-54.02572025399968,0,1,35.9305139,-84.3106744,0.0,0.0,0.0,-0.04,3,0.5,2.0,0.5,35.9305139,-84.3106744,nan,0.0
19.12810683999942,-53.82499319700037,0,1,35.9305139,-84.3106744,0.0,0.0,0.0,-0.04,3,0.5,2.0,0.5,35.9305139,-84.3106744,nan,0.0
19.329781750999246,-53.62331828600054,0,1,35.9305139,-84.3106744,0.0,0.0,0.0,-0.04,3,0.5,2.0,0.5,35.9305139,-84.3106744,nan,0.0
19.531268279999495,-53.42183175700029,0,1,35.9305139,-84.3106744,0.0,0.0,0.0,-0.04,3,0.5,2.0,0.5,35.9305139,-84.3106744,nan,0.0
19.734292662999906,-53.21880737399988,0,1,35.9305139,-84.3106744,0.0,0.0,0.0,-0.04,3,0.5,2.0,0.5,35.9305139,-84.3106744,nan,0.0
19.93545787199946,-53.017642165000325,0,1,35.9305139,-84.3106744,0.0,0.0,0.0,-0.04,3,0.5,2.0,0.5,35.9305139,-84.3106744,nan,0.0
20.137154630999248,-52.81594540600054,0,1,35.9305139,-84.3106744,0.0,0.0,0.0,-0.04,3,0.5,2.0,0.5,35.9305139,-84.3106744,nan,0.0
20.33837035399938,-52.614729683000405,0,1,35.9305139,-84.3106744,0.0,0.0,0.0,-0.04,3,0.5,2.0,0.5,35.9305139,-84.3106744,nan,0.0
20.540250269999888,-52.4128497669999,0,1,35.9305139,-84.3106744,0.0,0.0,0.0,-0.04,3,0.5,2.0,0.5,35.9305139,-84.3106744,nan,0.0
20.741574832999504,-52.21152520400028,0,1,35.9305139,-84.3106744,0.0,0.0,0.0,-0.04,3,0.5,2.0,0.5,35.9305139,-84.3106744,nan,0.0
20.942823487999704,-52.01027654900008,0,1,35.9305139,-84.3106744,0.0,0.0,0.0,-0.04,3,0.5,2.0,0.5,35.9305139,-84.3106744,nan,0.0
21.144370803999664,-51.80872923300012,0,1,35.9305139,-84.3106744,0.0,0.0,0.0,-0.04,3,0.5,2.0,0.5,35.9305139,-84.3106744,nan,0.0
21.34776896099993,-51.60533107599986,0,1,35.9305139,-84.3106744,0.0,0.0,0.0,-0.04,3,0.5,2.0,0.5,35.9305139,-84.3106744,nan,0.0
21.54918001599981,-51.403920020999976,0,1,35.9305139,-84.3106744,0.0,0.0,0.0,-0.04,3,0.5,2.0,0.5,35.9305139,-84.3106744,nan,0.0
21.75125876799939,-51.2018412690004,0,1,35.9305139,-84.3106744,0.0,0.0,0.0,-0.04,3,0.5,2.0,0.5,35.9305139,-84.3106744,nan,0.0
21.952353237999887,-51.0007467989999,0,1,35.9305139,-84.3106744,0.0,0.0,0.0,-0.04,3,0.5,2.0,0.5,35.9305139,-84.3106744,nan,0.0
22.154026593999333,-50.79907344300045,0,1,35.9305139,-84.3106744,0.0,0.0,0.0,-0.04,3,0.5,2.0,0.5,35.9305139,-84.3106744,nan,0.0
22.35641246099931,-50.59668757600048,0,1,35.9305139,-84.3106744,0.0,0.0,0.0,-0.04,3,0.5,2.0,0.5,35.9305139,-84.3106744,nan,0.0
22.558244346999345,-50.39485569000044,0,1,35.9305139,-84.3106744,0.0,0.0,0.0,-0.04,3,0.5,2.0,0.5,35.9305139,-84.3106744,nan,0.0
22.75953838999976,-50.193561647000024,0,1,35.9305139,-84.3106744,0.0,0.0,0.0,-0.04,3,0.5,2.0,0.5,35.9305139,-84.3106744,nan,0.0
22.961261429999468,-49.99183860700032,0,1,35.9305139,-84.3106744,0.0,0.0,0.0,-0.04,3,0.5,2.0,0.5,35.9305139,-84.3106744,nan,0.0
23.162545014999523,-49.79055502200026,0,1,35.9305139,-84.3106744,0.0,0.0,0.0,-0.04,3,0.5,2.0,0.5,35.9305139,-84.3106744,nan,0.0
23.365939891999915,-49.58716014499987,0,1,35.9305139,-84.3106744,0.0,0.0,0.0,-0.04,3,0.5,2.0,0.5,35.9305139,-84.3106744,nan,0.0
23.56734048999988,-49.38575954699991,0,1,35.9305139,-84.3106744,0.0,0.0,0.0,-0.04,3,0.5,2.0,0.5,35.9305139,-84.3106744,nan,0.0
23.770175701999506,-49.18292433500028,0,1,35.9305139,-84.3106744,0.0,0.0,0.0,-0.04,3,0.5,2.0,0.5,35.9305139,-84.3106744,nan,0.0
23.971415648999937,-48.98168438799985,0,1,35.9305139,-84.3106744,0.0,0.0,0.0,-0.04,3,0.5,2.0,0.5,35.9305139,-84.3106744,nan,0.0
24.172540722999656,-48.78055931400013,0,1,35.9305139,-84.3106744,0.0,0.0,0.0,-0.04,3,0.5,2.0,0.5,35.9305139,-84.3106744,nan,0.0
24.3737059340001,-48.579394102999686,0,1,35.9305139,-84.3106744,0.0,0.0,0.0,-0.04,3,0.5,2.0,0.5,35.9305139,-84.3106744,nan,0.0
24.57501193799999,-48.3780880989998,0,1,35.9305139,-84.3106744,0.0,0.0,0.0,-0.04,3,0.5,2.0,0.5,35.9305139,-84.3106744,nan,0.0
24.776072331999785,-48.177027705,0,1,35.9305139,-84.3106744,0.0,0.0,0.0,-0.04,3,0.5,2.0,0.5,35.9305139,-84.3106744,nan,0.0
24.97965154799931,-47.973448489000475,0,1,35.9305139,-84.3106744,0.0,0.0,0.0,-0.04,3,0.5,2.0,0.5,35.9305139,-84.3106744,nan,0.0
25.18120698199982,-47.771893054999964,0,1,35.9305139,-84.3106744,0.0,0.0,0.0,-0.04,3,0.5,2.0,0.5,35.9305139,-84.3106744,nan,0.0
25.382374208999863,-47.57072582799992,0,1,35.9305139,-84.3106744,0.0,0.0,0.0,-0.04,3,0.5,2.0,0.5,35.9305139,-84.3106744,nan,0.0
25.58364370899926,-47.369456328000524,0,1,35.9305139,-84.3106744,0.0,0.0,0.0,-0.04,3,0.5,2.0,0.5,35.9305139,-84.3106744,nan,0.0
25.784362749000138,-47.16873728799965,0,1,35.9305139,-84.3106744,0.0,0.0,0.0,-0.04,3,0.5,2.0,0.5,35.9305139,-84.3106744,nan,0.0
25.98926005999965,-46.963839977000134,0,1,35.9305139,-84.3106744,0.0,0.0,0.0,-0.04,3,0.5,2.0,0.5,35.9305139,-84.3106744,nan,0.0
26.190851475999807,-46.76224856099998,0,1,35.9305139,-84.3106744,0.0,0.0,0.0,-0.04,3,0.5,2.0,0.5,35.9305139,-84.3106744,nan,0.0
26.391419773000052,-46.56168026399973,0,1,35.9305139,-84.3106744,0.0,0.0,0.0,-0.04,3,0.5,2.0,0.5,35.9305139,-84.3106744,nan,0.0
26.59307531000013,-46.360024726999654,0,1,35.9305139,-84.3106744,0.0,0.0,0.0,-0.04,3,0.5,2.0,0.5,35.9305139,-84.3106744,nan,0.0
26.79393683499984,-46.159163201999945,0,1,35.9305139,-84.3106744,0.0,0.0,0.0,-0.04,3,0.5,2.0,0.5,35.9305139,-84.3106744,nan,0.0
26.99577361199954,-45.95732642500025,0,1,35.9305139,-84.3106744,0.0,0.0,0.0,-0.04,3,0.5,2.0,0.5,35.9305139,-84.3106744,nan,0.0
27.19734881899967,-45.755751218000114,0,1,35.9305139,-84.3106744,0.0,0.0,0.0,-0.04,3,0.5,2.0,0.5,35.9305139,-84.3106744,nan,0.0
27.398397355999805,-45.55470268099998,0,1,35.9305139,-84.3106744,0.0,0.0,0.0,-0.04,3,0.5,2.0,0.5,35.9305139,-84.3106744,nan,0.0
27.599694886999714,-45.35340515000007,0,1,35.9305139,-84.3106744,0.0,0.0,0.0,-0.04,3,0.5,2.0,0.5,35.9305139,-84.3106744,nan,0.0
27.80142609699942,-45.151673940000364,0,1,35.9305139,-84.3106744,0.0,0.0,0.0,-0.04,3,0.5,2.0,0.5,35.9305139,-84.3106744,nan,0.0
28.003488338999887,-44.9496116979999,0,1,35.9305139,-84.3106744,0.0,0.0,0.0,-0.04,3,0.5,2.0,0.5,35.9305139,-84.3106744,nan,0.0
28.20493658899977,-44.748163448000014,0,1,35.9305139,-84.3106744,0.0,0.0,0.0,-0.04,3,0.5,2.0,0.5,35.9305139,-84.3106744,nan,0.0
28.40656120099993,-44.546538835999854,0,1,35.9305139,-84.3106744,0.0,0.0,0.0,-0.04,3,0.5,2.0,0.5,35.9305139,-84.3106744,nan,0.0
28.607633701999475,-44.34546633500031,0,1,35.9305139,-84.3106744,0.0,0.0,0.0,-0.04,3,0.5,2.0,0.5,35.9305139,-84.3106744,nan,0.0
28.808466370000133,-44.14463366699965,0,1,35.9305139,-84.3106744,0.0,0.0,0.0,-0.04,3,0.5,2.0,0.5,35.9305139,-84.3106744,nan,0.0
29.012587402999998,-43.94051263399979,0,1,35.9305139,-84.3106744,0.0,0.0,0.0,-0.04,3,0.5,2.0,0.5,35.9305139,-84.3106744,nan,0.0
29.214409339999293,-43.73869069700049,0,1,35.9305139,-84.3106744,0.0,0.0,0.0,-0.04,3,0.5,2.0,0.5,35.9305139,-84.3106744,nan,0.0
29.415431441999317,-43.53766859500047,0,1,35.9305139,-84.3106744,0.0,0.0,0.0,-0.04,3,0.5,2.0,0.5,35.9305139,-84.3106744,nan,0.0
29.616571509000096,-43.33652852799969,0,1,35.9305139,-84.3106744,0.0,0.0,0.0,-0.04,3,0.5,2.0,0.5,35.9305139,-84.3106744,nan,0.0
29.817187569999987,-43.1359124669998,0,1,35.9305139,-84.3106744,0.0,0.0,0.0,-0.04,3,0.5,2.0,0.5,35.9305139,-84.3106744,nan,0.0
30.018670948999898,-42.93442908799989,0,1,35.9305139,-84.3106744,0.0,0.0,0.0,-0.04,3,0.5,2.0,0.5,35.9305139,-84.3106744,nan,0.0
30.219320765999328,-42.73377927100046,0,1,35.9305139,-84.3106744,0.0,0.0,0.0,-0.04,3,0.5,2.0,0.5,35.9305139,-84.3106744,nan,0.0
30.420195673999842,-42.53290436299994,0,1,35.9305139,-84.3106744,0.0,0.0,0.0,-0.04,3,0.5,2.0,0.5,35.9305139,-84.3106744,nan,0.0
30.621296342999813,-42.33180369399997,0,1,35.9305139,-84.3106744,0.0,0.0,0.0,-0.04,3,0.5,2.0,0.5,35.9305139,-84.3106744,nan,0.0
30.822029743999337,-42.13107029300045,0,1,35.9305139,-84.3106744,0.0,0.0,0.0,-0.04,3,0.5,2.0,0.5,35.9305139,-84.3106744,nan,0.0
31.02649300199937,-41.926607035000416,0,1,35.9305139,-84.3106744,0.0,0.0,0.0,-0.04,3,0.5,2.0,0.5,35.9305139,-84.3106744,nan,0.0
31.228216028999668,-41.72488400800012,0,1,35.9305139,-84.3106744,0.0,0.0,0.0,-0.04,3,0.5,2.0,0.5,35.9305139,-84.3106744,nan,0.0
31.429392972999267,-41.52370706400052,0,1,35.9305139,-84.3106744,0.0,0.0,0.0,-0.04,3,0.5,2.0,0.5,35.9305139,-84.3106744,nan,0.0
31.63086816899977,-41.32223186800002,0,1,35.9305139,-84.3106744,0.0,0.0,0.0,-0.04,3,0.5,2.0,0.5,35.9305139,-84.3106744,nan,0.0
31.832349652999255,-41.12075038400053,0,1,35.9305139,-84.3106744,0.0,0.0,0.0,-0.04,3,0.5,2.0,0.5,35.9305139,-84.3106744,nan,0.0
32.036840277999545,-40.91625975900024,0,1,35.9305139,-84.3106744,0.0,0.0,0.0,-0.04,3,0.5,2.0,0.5,35.9305139,-84.3106744,nan,0.0
32.237683487999675,-40.71541654900011,0,1,35.9305139,-84.3106744,0.0,0.0,0.0,-0.04,3,0.5,2.0,0.5,35.9305139,-84.3106744,nan,0.0
32.43895774700013,-40.514142289999654,0,1,35.9305139,-84.3106744,0.0,0.0,0.0,-0.04,3,0.5,2.0,0.5,35.9305139,-84.3106744,nan,0.0
32.640197424999315,-40.31290261200047,0,1,35.9305139,-84.3106744,0.0,0.0,0.0,-0.04,3,0.5,2.0,0.5,35.9305139,-84.3106744,nan,0.0
32.841429108999364,-40.11167092800042,0,1,35.9305139,-84.3106744,0.0,0.0,0.0,-0.04,3,0.5,2.0,0.5,35.9305139,-84.3106744,nan,0.0
33.04377629699957,-39.90932374000022,0,1,35.9305139,-84.3106744,0.0,0.0,0.0,-0.04,3,0.5,2.0,0.5,35.9305139,-84.3106744,nan,0.0
33.245181249999405,-39.70791878700038,0,1,35.9305139,-84.3106744,0.0,0.0,0.0,-0.04,3,0.5,2.0,0.5,35.9305139,-84.3106744,nan,0.0
33.44634283899995,-39.50675719799983,0,1,35.9305139,-84.3106744,0.0,0.0,0.0,-0.04,3,0.5,2.0,0.5,35.9305139,-84.3106744,nan,0.0
33.64784426599999,-39.30525577099979,0,1,35.9305139,-84.3106744,0.0,0.0,0.0,-0.04,3,0.5,2.0,0.5,35.9305139,-84.3106744,nan,0.0
33.84937118400012,-39.103728852999666,0,1,35.9305139,-84.3106744,0.0,0.0,0.0,-0.04,3,0.5,2.0,0.5,35.9305139,-84.3106744,nan,0.0
34.05378047999966,-38.899319557000126,0,1,35.9305139,-84.3106744,0.0,0.0,0.0,-0.04,3,0.5,2.0,0.5,35.9305139,-84.3106744,nan,0.0
34.25502885700007,-38.698071179999715,0,1,35.9305139,-84.3106744,0.0,0.0,0.0,-0.04,3,0.5,2.0,0.5,35.9305139,-84.3106744,nan,0.0
34.45637819300009,-38.496721843999694,0,1,35.9305139,-84.3106744,0.0,0.0,0.0,-0.04,3,0.5,2.0,0.5,35.9305139,-84.3106744,nan,0.0
34.65751174399975,-38.29558829300004,0,1,35.9305139,-84.3106744,0.0,0.0,0.0,-0.04,3,0.5,2.0,0.5,35.9305139,-84.3106744,nan,0.0
34.85863617999985,-38.09446385699994,0,1,35.9305139,-84.3106744,0.0,0.0,0.0,-0.04,3,0.5,2.0,0.5,35.9305139,-84.3106744,nan,0.0
35.06433916700007,-37.888760869999714,0,1,35.9305139,-84.3106744,0.0,0.0,0.0,-0.04,3,0.5,2.0,0.5,35.9305139,-84.3106744,nan,0.0
35.265402203999656,-37.68769783300013,0,1,35.9305139,-84.3106744,0.0,0.0,0.0,-0.04,3,0.5,2.0,0.5,35.9305139,-84.3106744,nan,0.0
35.46678135000002,-37.486318686999766,0,1,35.9305139,-84.3106744,0.0,0.0,0.0,-0.04,3,0.5,2.0,0.5,35.9305139,-84.3106744,nan,0.0
35.66833948599924,-37.284760551000545,0,1,35.9305139,-84.3106744,0.0,0.0,0.0,-0.04,3,0.5,2.0,0.5,35.9305139,-84.3106744,nan,0.0
35.869817796999996,-37.08328223999979,0,1,35.9305139,-84.3106744,0.0,0.0,0.0,-0.03,3,0.5,2.0,0.5,35.9305139,-84.3106744,nan,0.0
36.07426054999996,-36.87883948699982,0,1,35.9305139,-84.3106744,0.0,0.0,0.0,-0.03,3,0.5,2.0,0.5,35.9305139,-84.3106744,nan,0.0
36.27546478399927,-36.67763525300052,0,1,35.9305139,-84.3106744,0.0,0.0,0.0,-0.03,3,0.5,2.0,0.5,35.9305139,-84.3106744,nan,0.0
36.47682721599995,-36.47627282099984,0,1,35.9305139,-84.3106744,0.0,0.0,0.0,-0.03,3,0.5,2.0,0.5,35.9305139,-84.3106744,nan,0.0
36.67797477399927,-36.27512526300052,0,1,35.9305139,-84.3106744,0.0,0.0,0.0,-0.03,3,0.5,2.0,0.5,35.9305139,-84.3106744,nan,0.0
36.87948567300009,-36.073614363999695,0,1,35.9305139,-84.3106744,0.0,0.0,0.0,-0.03,3,0.5,2.0,0.5,35.9305139,-84.3106744,nan,0.0
37.084359462000066,-35.86874057499972,0,1,35.9305139,-84.3106744,0.0,0.0,0.0,-0.03,3,0.5,2.0,0.5,35.9305139,-84.3106744,nan,0.0
37.28551031999996,-35.66758971699983,0,1,35.9305139,-84.3106744,0.0,0.0,0.0,-0.03,3,0.5,2.0,0.5,35.9305139,-84.3106744,nan,0.0
37.48669947399958,-35.46640056300021,0,1,35.9305139,-84.3106744,0.0,0.0,0.0,-0.03,3,0.5,2.0,0.5,35.9305139,-84.3106744,nan,0.0
37.687919250999585,-35.2651807860002,0,1,35.9305139,-84.3106744,0.0,0.0,0.0,-0.03,3,0.5,2.0,0.5,35.9305139,-84.3106744,nan,0.0
37.8894039679999,-35.06369606899989,0,1,35.9305139,-84.3106744,0.0,0.0,0.0,-0.03,3,0.5,2.0,0.5,35.9305139,-84.3106744,nan,0.0
38.09094042800007,-34.86215960899972,0,1,35.9305139,-84.3106744,0.0,0.0,0.0,-0.03,3,0.5,2.0,0.5,35.9305139,-84.3106744,nan,0.0
38.291582775999814,-34.66151726099997,0,1,35.9305139,-84.3106744,0.0,0.0,0.0,-0.03,3,0.5,2.0,0.5,35.9305139,-84.3106744,nan,0.0
38.49222524400011,-34.460874792999675,0,1,35.9305139,-84.3106744,0.0,0.0,0.0,-0.03,3,0.5,2.0,0.5,35.9305139,-84.3106744,nan,0.0
38.6933532919993,-34.259746745000484,0,1,35.9305139,-84.3106744,0.0,0.0,0.0,-0.03,3,0.5,2.0,0.5,35.9305139,-84.3106744,nan,0.0
38.89518961900012,-34.057910417999665,0,1,35.9305139,-84.3106744,0.01,0.0,0.0,-0.03,3,0.5,2.0,0.5,35.9305139,-84.3106744,nan,0.0
39.100257094999506,-33.85284294200028,0,1,35.9305139,-84.3106744,0.01,0.0,0.0,-0.03,3,0.5,2.0,0.5,35.9305139,-84.3106744,nan,0.0
39.30145010099932,-33.65164993600047,0,1,35.9305139,-84.3106744,0.01,0.0,0.0,-0.03,3,0.5,2.0,0.5,35.9305139,-84.3106744,nan,0.0
39.503252720999626,-33.44984731600016,0,1,35.9305139,-84.3106744,0.01,0.0,0.0,-0.03,3,0.5,2.0,0.5,35.9305139,-84.3106744,nan,0.0
39.70444187499925,-33.24865816200054,0,1,35.9305139,-84.3106744,0.01,0.0,0.0,-0.03,3,0.5,2.0,0.5,35.9305139,-84.3106744,nan,0.0
39.90582569799972,-33.04727433900007,0,1,35.9305139,-84.3106744,0.02,0.0,0.0,-0.03,3,0.5,2.0,0.5,35.9305139,-84.3106744,nan,0.0
40.110627174,-32.842472862999784,0,1,35.9305139,-84.3106744,0.02,0.0,0.0,-0.03,3,0.5,2.0,0.5,35.9305139,-84.3106744,nan,0.0
40.31163470699994,-32.641465329999846,0,1,35.9305139,-84.3106744,0.02,0.0,0.0,-0.03,3,0.5,2.0,0.5,35.9305139,-84.3106744,nan,0.0
40.51229112100009,-32.440808915999696,0,1,35.9305139,-84.3106744,0.02,0.0,0.0,-0.03,3,0.5,2.0,0.5,35.9305139,-84.3106744,nan,0.0
40.71340709800006,-32.239692938999724,0,1,35.9305139,-84.3106744,0.02,0.0,0.0,-0.03,3,0.5,2.0,0.5,35.9305139,-84.3106744,nan,0.0
40.91492363299949,-32.038176404000296,0,1,35.9305139,-84.3106744,0.03,0.0,0.0,-0.03,3,0.5,2.0,0.5,35.9305139,-84.3106744,nan,0.0
41.12030088099982,-31.832799155999965,0,1,35.9305139,-84.3106744,0.03,0.0,0.0,-0.03,3,0.5,2.0,0.5,35.9305139,-84.3106744,nan,0.0
41.32145590499931,-31.631644132000474,0,1,35.9305139,-84.3106744,0.03,0.0,0.0,-0.03,3,0.5,2.0,0.5,35.9305139,-84.3106744,nan,0.0
41.522900248999576,-31.43019978800021,0,1,35.9305139,-84.3106744,0.03,0.0,0.0,-0.03,3,0.5,2.0,0.5,35.9305139,-84.3106744,nan,0.0
41.724192628999845,-31.22890740799994,0,1,35.9305139,-84.3106744,0.03,0.0,0.0,-0.03,3,0.5,2.0,0.5,35.9305139,-84.3106744,nan,0.0
41.92542271699949,-31.027677320000294,0,1,35.9305139,-84.3106744,0.04,0.0,0.0,-0.02,3,0.5,2.0,0.5,35.9305139,-84.3106744,nan,0.0
42.13069636,-30.822403676999784,0,1,35.9305139,-84.3106744,0.04,0.0,0.0,-0.02,3,0.5,2.0,0.5,35.9305139,-84.3106744,nan,0.0
42.33197852400008,-30.621121512999707,0,1,35.9305139,-84.3106744,0.04,0.0,0.0,-0.02,3,0.5,2.0,0.5,35.9305139,-84.3106744,nan,0.0
42.533378316999915,-30.41972171999987,0,1,35.9305139,-84.3106744,0.04,0.0,0.0,-0.02,3,0.5,2.0,0.5,35.9305139,-84.3106744,nan,0.0
42.73462310400009,-30.218476932999693,0,1,35.9305139,-84.3106744,0.05,0.0,0.0,-0.02,3,0.5,2.0,0.5,35.9305139,-84.3106744,nan,0.0
42.93586150400006,-30.017238532999727,0,1,35.9305139,-84.3106744,0.05,0.0,0.0,-0.02,3,0.5,2.0,0.5,35.9305139,-84.3106744,nan,0.0
43.139975043999584,-29.8131249930002,0,1,35.9305139,-84.3106744,0.05,0.0,0.0,-0.02,3,0.5,2.0,0.5,35.9305139,-84.3106744,nan,0.0
43.34137225699942,-29.611727780000365,0,1,35.9305139,-84.3106744,0.05,0.0,0.0,-0.02,3,0.5,2.0,0.5,35.9305139,-84.3106744,nan,0.0
43.54247032799958,-29.410629709000204,0,1,35.9305139,-84.3106744,0.05,0.0,0.0,-0.02,3,0.5,2.0,0.5,35.9305139,-84.3106744,nan,0.0
43.74435160499979,-29.208748431999993,0,1,35.9305139,-84.3106744,0.05,0.0,0.0,-0.02,3,0.5,2.0,0.5,35.9305139,-84.3106744,nan,0.0
43.94620119699994,-29.00689883999985,0,1,35.9305139,-84.3106744,0.05,0.0,0.0,-0.02,3,0.5,2.0,0.5,35.9305139,-84.3106744,nan,0.0
44.148084896999535,-28.80501514000025,0,1,35.9305139,-84.3106744,0.05,0.0,0.0,-0.02,3,0.5,2.0,0.5,35.9305139,-84.3106744,nan,0.0
44.349343346999376,-28.60375669000041,0,1,35.9305139,-84.3106744,0.05,0.0,0.0,-0.02,3,0.5,2.0,0.5,35.9305139,-84.3106744,nan,0.0
44.55044506299964,-28.402654974000143,0,1,35.9305139,-84.3106744,0.05,0.0,0.0,-0.02,3,0.5,2.0,0.5,35.9305139,-84.3106744,nan,0.0
44.752170998999645,-28.20092903800014,0,1,35.9305139,-84.3106744,0.05,0.0,0.0,-0.02,3,0.5,2.0,0.5,35.9305139,-84.3106744,nan,0.0
44.95438315299998,-27.998716883999805,0,1,35.9305139,-84.3106744,0.05,0.0,0.0,-0.02,3,0.5,2.0,0.5,35.9305139,-84.3106744,nan,0.0
45.15508247299931,-27.798017564000475,0,1,35.9305139,-84.3106744,0.05,0.0,0.0,-0.02,3,0.5,2.0,0.5,35.9305139,-84.3106744,nan,0.0
45.35563153599924,-27.59746850100055,0,1,35.9305139,-84.3106744,0.05,0.0,0.0,-0.02,3,0.5,2.0,0.5,35.9305139,-84.3106744,nan,0.0
45.55627894999998,-27.396821086999807,0,1,35.9305139,-84.3106744,0.05,0.0,0.0,-0.02,3,0.5,2.0,0.5,35.9305139,-84.3106744,nan,0.0
45.75696449299994,-27.196135543999844,0,1,35.9305139,-84.3106744,0.04,0.0,0.0,-0.01,3,0.5,2.0,0.5,35.9305139,-84.3106744,nan,0.0
45.958405235999635,-26.99469480100015,0,1,35.9305139,-84.3106744,0.04,0.0,0.0,-0.01,3,0.5,2.0,0.5,35.9305139,-84.3106744,nan,0.0
46.159777985999426,-26.79332205100036,0,1,35.9305139,-84.3106744,0.04,0.0,0.0,-0.01,3,0.5,2.0,0.5,35.9305139,-84.3106744,nan,0.0
46.361095970999486,-26.5920040660003,0,1,35.9305139,-84.3106744,0.04,0.0,0.0,-0.01,3,0.5,2.0,0.5,35.9305139,-84.3106744,nan,0.0
46.562274829999296,-26.39082520700049,0,1,35.9305139,-84.3106744,0.04,0.0,0.0,-0.01,3,0.5,2.0,0.5,35.9305139,-84.3106744,nan,0.0
46.763901122999414,-26.18919891400037,0,1,35.9305139,-84.3106744,0.04,0.0,0.0,-0.01,3,0.5,2.0,0.5,35.9305139,-84.3106744,nan,0.0
46.9657128179997,-25.987387219000084,0,1,35.9305139,-84.3106744,0.04,0.0,0.0,-0.01,3,0.5,2.0,0.5,35.9305139,-84.3106744,nan,0.0
47.166428337999605,-25.78667169900018,0,1,35.9305139,-84.3106744,0.04,0.0,0.0,-0.01,3,0.5,2.0,0.5,35.9305139,-84.3106744,nan,0.0
47.367437312999755,-25.58566272400003,0,1,35.9305139,-84.3106744,0.04,0.0,0.0,-0.01,3,0.5,2.0,0.5,35.9305139,-84.3106744,nan,0.0
47.56860348999999,-25.3844965469998,0,1,35.9305139,-84.3106744,0.04,0.0,0.0,-0.01,3,0.5,2.0,0.5,35.9305139,-84.3106744,nan,0.0
47.77008497999941,-25.183015057000375,0,1,35.9305139,-84.3106744,0.04,0.0,0.0,-0.01,3,0.5,2.0,0.5,35.9305139,-84.3106744,nan,0.0
47.97183227299956,-24.981267764000222,0,1,35.9305139,-84.3106744,0.04,0.0,0.0,-0.01,3,0.5,2.0,0.5,35.9305139,-84.3106744,nan,0.0
48.17237805500008,-24.780721981999704,0,1,35.9305139,-84.3106744,0.04,0.0,0.0,-0.01,3,0.5,2.0,0.5,35.9305139,-84.3106744,nan,0.0
48.37295922700014,-24.580140809999648,0,1,35.9305139,-84.3106744,0.04,0.0,0.0,-0.01,3,0.5,2.0,0.5,35.9305139,-84.3106744,nan,0.0
48.57339845699971,-24.379701580000074,0,1,35.9305139,-84.3106744,0.04,0.0,0.0,-0.01,3,0.5,2.0,0.5,35.9305139,-84.3106744,nan,0.0
48.77416092599924,-24.178939111000545,0,1,35.9305139,-84.3106744,0.04,0.0,0.0,-0.01,3,0.5,2.0,0.5,35.9305139,-84.3106744,nan,0.0
48.975704593000046,-23.97739544399974,0,1,35.9305139,-84.3106744,0.04,0.0,0.0,-0.01,3,0.5,2.0,0.5,35.9305139,-84.3106744,nan,0.0
49.17637346399988,-23.776726572999905,0,1,35.9305139,-84.3106744,0.04,0.0,0.0,-0.01,3,0.5,2.0,0.5,35.9305139,-84.3106744,nan,0.0
49.37769174699952,-23.57540829000027,0,1,35.9305139,-84.3106744,0.04,0.0,0.0,-0.01,3,0.5,2.0,0.5,35.9305139,-84.3106744,nan,0.0
49.57883950199994,-23.37426053499985,0,1,35.9305139,-84.3106744,0.04,0.0,0.0,-0.01,3,0.5,2.0,0.5,35.9305139,-84.3106744,nan,0.0
49.77986387100009,-23.173236165999697,0,1,35.9305139,-84.3106744,0.04,0.0,0.0,0.0,3,0.5,2.0,0.5,35.9305139,-84.3106744,nan,0.0
49.98173030199996,-22.971369734999826,0,1,35.9305139,-84.3106744,0.04,0.0,0.0,0.0,3,0.5,2.0,0.5,35.9305139,-84.3106744,nan,0.0
50.182374692999474,-22.77072534400031,0,1,35.9305139,-84.3106744,0.04,0.0,0.0,0.0,3,0.5,2.0,0.5,35.9305139,-84.3106744,nan,0.0
50.383835947999614,-22.56926408900017,0,1,35.9305139,-84.3106744,0.04,0.0,0.0,0.0,3,0.5,2.0,0.5,35.9305139,-84.3106744,nan,0.0
50.584929372999795,-22.36817066399999,0,1,35.9305139,-84.3106744,0.04,0.0,0.0,0.0,3,0.5,2.0,0.5,35.9305139,-84.3106744,nan,0.0
50.78567704899979,-22.167422988,0,1,35.9305139,-84.3106744,0.04,0.0,0.0,0.0,3,0.5,2.0,0.5,35.9305139,-84.3106744,nan,0.0
50.989809310000055,-21.96329072699973,0,1,35.9305139,-84.3106744,0.04,0.0,0.0,0.0,3,0.5,2.0,0.5,35.9305139,-84.3106744,nan,0.0
51.190973390999716,-21.76212664600007,0,1,35.9305139,-84.3106744,0.04,0.0,0.0,0.0,3,0.5,2.0,0.5,35.9305139,-84.3106744,nan,0.0
51.392356371999995,-21.56074366499979,0,1,35.9305139,-84.3106744,0.04,0.0,0.0,0.0,3,0.5,2.0,0.5,35.9305139,-84.3106744,nan,0.0
51.59340364799937,-21.35969638900042,0,1,35.9305139,-84.3106744,0.04,0.0,0.0,0.0,3,0.5,2.0,0.5,35.9305139,-84.3106744,nan,0.0
51.79410289799944,-21.15899713900035,0,1,35.9305139,-84.3106744,0.03,0.0,0.0,0.0,3,0.5,2.0,0.5,35.9305139,-84.3106744,nan,0.0
51.995842422999885,-20.9572576139999,0,1,35.9305139,-84.3106744,0.03,0.0,0.0,0.0,3,0.5,2.0,0.5,35.9305139,-84.3106744,nan,0.0
52.19704995899974,-20.756050078000044,0,1,35.9305139,-84.3106744,0.03,0.0,0.0,0.0,3,0.5,2.0,0.5,35.9305139,-84.3106744,nan,0.0
52.39855122900008,-20.55454880799971,0,1,35.9305139,-84.3106744,0.03,0.0,0.0,0.0,3,0.5,2.0,0.5,35.9305139,-84.3106744,nan,0.0
52.59971476699957,-20.353385270000217,0,1,35.9305139,-84.3106744,0.03,0.0,0.0,0.0,3,0.5,2.0,0.5,35.9305139,-84.3106744,nan,0.0
52.800931004999256,-20.15216903200053,0,1,35.9305139,-84.3106744,0.02,0.0,0.0,0.0,3,0.5,2.0,0.5,35.9305139,-84.3106744,nan,0.0
53.005738908999774,-19.94736112800001,0,1,35.9305139,-84.3106744,0.02,0.0,0.0,0.0,3,0.5,2.0,0.5,35.9305139,-84.3106744,nan,0.0
53.20716727499985,-19.74593276199994,0,1,35.9305139,-84.3106744,0.02,0.0,0.0,0.0,3,0.5,2.0,0.5,35.9305139,-84.3106744,nan,0.0
53.40839683499962,-19.544703202000164,0,1,35.9305139,-84.3106744,0.02,0.0,0.0,0.0,3,0.5,2.0,0.5,35.9305139,-84.3106744,nan,0.0
53.60929243299961,-19.343807604000176,0,1,35.9305139,-84.3106744,0.02,0.0,0.0,0.0,3,0.5,2.0,0.5,35.9305139,-84.3106744,nan,0.0
53.80989233499986,-19.143207701999927,0,1,35.9305139,-84.3106744,0.01,0.0,0.0,0.0,3,0.5,2.0,0.5,35.9305139,-84.3106744,nan,0.0
54.01485539799978,-18.938244639000004,0,1,35.9305139,-84.3106744,0.01,0.0,0.0,0.0,3,0.5,2.0,0.5,35.9305139,-84.3106744,nan,0.0
54.21600661899993,-18.73709341799986,0,1,35.9305139,-84.3106744,0.01,0.0,0.0,0.0,3,0.5,2.0,0.5,35.9305139,-84.3106744,nan,0.0
54.41758416399989,-18.535515872999895,0,1,35.9305139,-84.3106744,0.01,0.0,0.0,0.0,3,0.5,2.0,0.5,35.9305139,-84.3106744,nan,0.0
54.61936782099929,-18.3337322160005,0,1,35.9305139,-84.3106744,0.01,0.0,0.0,0.0,3,0.5,2.0,0.5,35.9305139,-84.3106744,nan,0.0
54.82041802799995,-18.132682008999836,0,1,35.9305139,-84.3106744,0.01,0.0,0.0,0.0,3,0.5,2.0,0.5,35.9305139,-84.3106744,nan,0.0
55.02194197099925,-17.931158066000535,0,1,35.9305139,-84.3106744,0.01,0.0,0.0,0.0,3,0.5,2.0,0.5,35.9305139,-84.3106744,nan,0.0
55.22263013799966,-17.730469899000127,0,1,35.9305139,-84.3106744,0.01,0.0,0.0,0.0,3,0.5,2.0,0.5,35.9305139,-84.3106744,nan,0.0
55.42391849099931,-17.529181546000473,0,1,35.9305139,-84.3106744,0.01,0.0,0.0,0.0,3,0.5,2.0,0.5,35.9305139,-84.3106744,nan,0.0
55.62477115799993,-17.328328878999855,0,1,35.9305139,-84.3106744,0.01,0.0,0.0,0.0,3,0.5,2.0,0.5,35.9305139,-84.3106744,nan,0.0
55.825361123999755,-17.12773891300003,0,1,35.9305139,-84.3106744,0.01,0.0,0.0,0.0,3,0.5,2.0,0.5,35.9305139,-84.3106744,nan,0.0
56.02735019099964,-16.925749846000144,0,1,35.9305139,-84.3106744,0.01,0.0,0.0,0.0,3,0.5,2.0,0.5,35.9305139,-84.3106744,nan,0.0
56.228180516000066,-16.72491952099972,0,1,35.9305139,-84.3106744,0.01,0.0,0.0,0.0,3,0.5,2.0,0.5,35.9305139,-84.3106744,nan,0.0
56.429360057999475,-16.52373997900031,0,1,35.9305139,-84.3106744,0.01,0.0,0.0,0.0,3,0.5,2.0,0.5,35.9305139,-84.3106744,nan,0.0
56.6300822029998,-16.323017833999984,0,1,35.9305139,-84.3106744,0.01,0.0,0.0,0.0,3,0.5,2.0,0.5,35.9305139,-84.3106744,nan,0.0
56.83090713499951,-16.12219290200028,0,1,35.9305139,-84.3106744,0.01,0.0,0.0,0.0,3,0.5,2.0,0.5,35.9305139,-84.3106744,nan,0.0
57.03621294799996,-15.916887088999829,0,1,35.9305139,-84.3106744,0.01,0.0,0.0,0.0,3,0.5,2.0,0.5,35.9305139,-84.3106744,nan,0.0
57.237466024999776,-15.71563401200001,0,1,35.9305139,-84.3106744,0.01,0.0,0.0,0.0,3,0.5,2.0,0.5,35.9305139,-84.3106744,nan,0.0
57.438455448999775,-15.51464458800001,0,1,35.9305139,-84.3106744,0.01,0.0,0.0,0.0,3,0.5,2.0,0.5,35.9305139,-84.3106744,nan,0.0
57.639049511999474,-15.314050525000312,0,1,35.9305139,-84.3106744,0.01,0.0,0.0,0.0,3,0.5,2.0,0.5,35.9305139,-84.3106744,nan,0.0
57.83969399899979,-15.113406037999994,0,1,35.9305139,-84.3106744,0.02,0.0,0.0,-0.09,3,0.5,2.0,0.5,35.9305139,-84.3106744,nan,0.0
58.04129528499925,-14.911804752000535,0,1,35.9305139,-84.3106744,0.02,0.0,0.0,-0.09,3,0.5,2.0,0.5,35.9305139,-84.3106744,nan,0.0
58.24232622699947,-14.710773810000319,0,1,35.9305139,-84.3106744,0.02,0.0,0.0,-0.09,3,0.5,2.0,0.5,35.9305139,-84.3106744,nan,0.0
58.44291256499946,-14.510187472000325,0,1,35.9305139,-84.3106744,0.02,0.0,0.0,-0.09,3,0.5,2.0,0.5,35.9305139,-84.3106744,nan,0.0
58.64394820100006,-14.309151835999728,0,1,35.9305139,-84.3106744,0.02,0.0,0.0,-0.09,3,0.5,2.0,0.5,35.9305139,-84.3106744,nan,0.0
58.844347041999754,-14.108752995000032,0,1,35.9305139,-84.3106744,0.54,0.0,0.0,-1.14,3,0.5,2.0,0.5,35.9305139,-84.3106744,nan,0.0
59.047814794999795,-13.90528524199999,0,1,35.9305139,-84.3106744,0.54,0.0,0.0,-1.14,3,0.5,2.0,0.5,35.9305139,-84.3106744,nan,0.0
59.2492860429993,-13.703813994000484,0,1,35.9305139,-84.3106744,0.54,0.0,0.0,-1.14,3,0.5,2.0,0.5,35.9305139,-84.3106744,nan,0.0
59.45041502000004,-13.502685016999749,0,1,35.9305139,-84.3106744,0.54,0.0,0.0,-1.14,3,0.5,2.0,0.5,35.9305139,-84.3106744,nan,0.0
59.651694332999796,-13.30140570399999,0,1,35.9305139,-84.3106744,0.54,0.0,0.0,-1.14,3,0.5,2.0,0.5,35.9305139,-84.3106744,nan,0.0
59.85254408499986,-13.100555951999922,0,1,35.9305139,-84.3106746,2.09,0.0,-0.08803327188376568,-2.25,3,0.5,2.0,0.5,35.9305139,-84.3106746,nan,0.0
60.05745198399927,-12.895648053000514,0,1,35.9305139,-84.3106746,2.09,0.0,0.0,-2.25,3,0.5,2.0,0.5,35.9305139,-84.3106746,nan,0.0
60.25881608999953,-12.694283947000258,0,1,35.9305139,-84.3106746,2.09,0.0,0.0,-2.25,3,0.5,2.0,0.5,35.9305139,-84.3106746,nan,0.0
60.46034313899963,-12.492756898000152,0,1,35.9305139,-84.3106746,2.09,0.0,0.0,-2.25,3,0.5,2.0,0.5,35.9305139,-84.3106746,nan,0.0
60.66163635900011,-12.291463677999673,0,1,35.9305139,-84.3106746,2.09,0.0,0.0,-2.25,3,0.5,2.0,0.5,35.9305139,-84.3106746,nan,0.0
60.86285019399929,-12.090249843000493,0,1,35.9305142,-84.3106749,4.84,0.16281517681826957,-0.13183620927903988,-3.17,3,0.5,2.0,0.5,35.9305142,-84.3106749,nan,0.0
61.067968753999594,-11.885131283000192,0,1,35.9305142,-84.3106749,4.84,0.0,0.0,-3.17,3,0.5,2.0,0.5,35.9305142,-84.3106749,nan,0.0
61.26919360200009,-11.683906434999699,0,1,35.9305142,-84.3106749,4.84,0.0,0.0,-3.17,3,0.5,2.0,0.5,35.9305142,-84.3106749,nan,0.0
61.4702717199998,-11.482828316999985,0,1,35.9305142,-84.3106749,4.84,0.0,0.0,-3.17,3,0.5,2.0,0.5,35.9305142,-84.3106749,nan,0.0
61.67158974799986,-11.281510288999925,0,1,35.9305142,-84.3106749,4.84,0.0,0.0,-3.17,3,0.5,2.0,0.5,35.9305142,-84.3106749,nan,0.0
61.8726997269996,-11.080400310000186,0,1,35.9305145,-84.3106749,8.56,0.16531911110239378,0.0,-3.95,3,0.5,2.0,0.5,35.9305145,-84.3106749,nan,0.0
62.074409434999325,-10.87869060200046,0,1,35.9305145,-84.3106749,8.56,0.0,0.0,-3.95,3,0.5,2.0,0.5,35.9305145,-84.3106749,nan,0.0
62.27542079599971,-10.677679241000078,0,1,35.9305145,-84.3106749,8.56,0.0,0.0,-3.95,3,0.5,2.0,0.5,35.9305145,-84.3106749,nan,0.0
62.476574747000086,-10.4765252899997,0,1,35.9305145,-84.3106749,8.56,0.0,0.0,-3.95,3,0.5,2.0,0.5,35.9305145,-84.3106749,nan,0.0
62.67791613600002,-10.275183900999764,0,1,35.9305145,-84.3106749,8.56,0.0,0.0,-3.95,3,0.5,2.0,0.5,35.9305145,-84.3106749,nan,0.0
62.87903942699995,-10.074060609999833,0,1,35.9305145,-84.3106749,12.64,0.0,0.0,-3.55,3,0.5,2.0,0.5,35.9305145,-84.3106749,nan,0.0
63.08365471799971,-9.869445319000079,0,1,35.9305145,-84.3106749,12.64,0.0,0.0,-3.55,3,0.5,2.0,0.5,35.9305145,-84.3106749,nan,0.0
63.28497915799926,-9.668120879000526,0,1,35.9305145,-84.3106749,12.64,0.0,0.0,-3.55,3,0.5,2.0,0.5,35.9305145,-84.3106749,nan,0.0
63.486344229999304,-9.466755807000482,0,1,35.9305145,-84.3106749,12.64,0.0,0.0,-3.55,3,0.5,2.0,0.5,35.9305145,-84.3106749,nan,0.0
63.687684413999705,-9.26541562300008,0,1,35.9305145,-84.3106749,12.64,0.0,0.0,-3.55,3,0.5,2.0,0.5,35.9305145,-84.3106749,nan,0.0
63.88879460499993,-9.064305431999856,0,1,35.9305144,-84.3106749,16.17,-0.05448770049870366,0.0,-2.82,3,0.5,2.0,0.5,35.9305144,-84.3106749,nan,0.0
64.09316390299955,-8.859936134000236,0,1,35.9305144,-84.3106749,16.17,0.0,0.0,-2.82,3,0.5,2.0,0.5,35.9305144,-84.3106749,nan,0.0
64.2946406659994,-8.65845937100039,0,1,35.9305144,-84.3106749,16.17,0.0,0.0,-2.82,3,0.5,2.0,0.5,35.9305144,-84.3106749,nan,0.0
64.49543630900007,-8.457663727999716,0,1,35.9305144,-84.3106749,16.17,0.0,0.0,-2.82,3,0.5,2.0,0.5,35.9305144,-84.3106749,nan,0.0
64.69672528299998,-8.256374753999808,0,1,35.9305144,-84.3106749,16.17,0.0,0.0,-2.82,3,0.5,2.0,0.5,35.9305144,-84.3106749,nan,0.0
64.89793471899975,-8.055165318000036,0,1,35.9305139,-84.3106746,19.02,-0.2755930076495631,0.133893429111454,-2.27,3,0.5,2.0,0.5,35.9305139,-84.3106746,nan,0.0
65.09965584099973,-7.853444196000055,0,1,35.9305139,-84.3106746,19.02,0.0,0.0,-2.27,3,0.5,2.0,0.5,35.9305139,-84.3106746,nan,0.0
65.30100757399941,-7.652092463000372,0,1,35.9305139,-84.3106746,19.02,0.0,0.0,-2.27,3,0.5,2.0,0.5,35.9305139,-84.3106746,nan,0.0
65.50221822399999,-7.450881812999796,0,1,35.9305139,-84.3106746,19.02,0.0,0.0,-2.27,3,0.5,2.0,0.5,35.9305139,-84.3106746,nan,0.0
65.70352838300005,-7.2495716539997375,0,1,35.9305139,-84.3106746,19.02,0.0,0.0,-2.27,3,0.5,2.0,0.5,35.9305139,-84.3106746,nan,0.0
65.90462812999976,-7.048471907000021,0,1,35.9305138,-84.3106746,21.29,-0.05522252586769314,0.0,-1.82,3,0.5,2.0,0.5,35.9305138,-84.3106746,nan,0.0
66.1059640429994,-6.847135994000382,0,1,35.9305138,-84.3106746,21.29,0.0,0.0,-1.82,3,0.5,2.0,0.5,35.9305138,-84.3106746,nan,0.0
66.30661009999949,-6.646489937000297,0,1,35.9305138,-84.3106746,21.29,0.0,0.0,-1.82,3,0.5,2.0,0.5,35.9305138,-84.3106746,nan,0.0
66.50780591799958,-6.445294119000209,0,1,35.9305138,-84.3106746,21.29,0.0,0.0,-1.82,3,0.5,2.0,0.5,35.9305138,-84.3106746,nan,0.0
66.7090327269998,-6.244067309999991,0,1,35.9305138,-84.3106746,21.29,0.0,0.0,-1.82,3,0.5,2.0,0.5,35.9305138,-84.3106746,nan,0.0
66.91042035200007,-6.042679684999712,0,1,35.9305138,-84.3106746,23.05,0.0,0.0,-1.37,3,0.5,2.0,0.5,35.9305138,-84.3106746,nan,0.0
67.11470825800006,-5.838391778999721,0,1,35.9305138,-84.3106746,23.05,0.0,0.0,-1.37,3,0.5,2.0,0.5,35.9305138,-84.3106746,nan,0.0
67.31598369199946,-5.637116345000322,0,1,35.9305138,-84.3106746,23.05,0.0,0.0,-1.37,3,0.5,2.0,0.5,35.9305138,-84.3106746,nan,0.0
67.51718647999951,-5.435913557000276,0,1,35.9305138,-84.3106746,23.05,0.0,0.0,-1.37,3,0.5,2.0,0.5,35.9305138,-84.3106746,nan,0.0
67.71836536299998,-5.23473467399981,0,1,35.9305138,-84.3106746,23.05,0.0,0.0,-1.37,3,0.5,2.0,0.5,35.9305138,-84.3106746,nan,0.0
67.91935209099938,-5.033747946000403,0,1,35.930514,-84.3106746,24.3,0.11052485784277588,0.0,-0.87,3,0.5,2.0,0.5,35.930514,-84.3106746,nan,0.0
68.12080840899944,-4.832291628000348,0,1,35.930514,-84.3106746,24.3,0.0,0.0,-0.87,3,0.5,2.0,0.5,35.930514,-84.3106746,nan,0.0
68.32135135099998,-4.63174868599981,0,1,35.930514,-84.3106746,24.3,0.0,0.0,-0.87,3,0.5,2.0,0.5,35.930514,-84.3106746,nan,0.0
68.52193286900001,-4.431167167999774,0,1,35.930514,-84.3106746,24.3,0.0,0.0,-0.87,3,0.5,2.0,0.5,35.930514,-84.3106746,nan,0.0
68.72314855399964,-4.22995148300015,0,1,35.930514,-84.3106746,24.3,0.0,0.0,-0.87,3,0.5,2.0,0.5,35.930514,-84.3106746,nan,0.0
68.92440583799998,-4.028694198999801,0,1,35.9305145,-84.3106749,24.99,0.27189375554347506,-0.13209619256278296,-0.33,3,0.5,2.0,0.5,35.9305145,-84.3106749,nan,0.0
69.12916071499967,-3.8239393220001148,0,1,35.9305145,-84.3106749,24.99,0.0,0.0,-0.33,3,0.5,2.0,0.5,35.9305145,-84.3106749,nan,0.0
69.32973391699943,-3.6233661200003553,0,1,35.9305145,-84.3106749,24.99,0.0,0.0,-0.33,3,0.5,2.0,0.5,35.9305145,-84.3106749,nan,0.0
69.53027538900005,-3.4228246479997324,0,1,35.9305145,-84.3106749,24.99,0.0,0.0,-0.33,3,0.5,2.0,0.5,35.9305145,-84.3106749,nan,0.0
69.73078998299934,-3.2223100540004452,0,1,35.9305145,-84.3106749,24.99,0.0,0.0,-0.33,3,0.5,2.0,0.5,35.9305145,-84.3106749,nan,0.0
69.93133173499973,-3.021768302000055,0,1,35.9305148,-84.3106758,25.06,0.16583469879132665,-0.4028436168320917,0.11,3,0.5,2.0,0.5,35.9305148,-84.3106758,nan,0.0
70.13270257199929,-2.8203974650004966,0,1,35.9305148,-84.3106758,25.06,0.0,0.0,0.11,3,0.5,2.0,0.5,35.9305148,-84.3106758,nan,0.0
70.3332320999998,-2.619867936999981,0,1,35.9305148,-84.3106758,25.06,0.0,0.0,0.11,3,0.5,2.0,0.5,35.9305148,-84.3106758,nan,0.0
70.53378325599988,-2.4193167809999068,0,1,35.9305148,-84.3106758,25.06,0.0,0.0,0.11,3,0.5,2.0,0.5,35.9305148,-84.3106758,nan,0.0
70.7349303789997,-2.218169658000079,0,1,35.9305148,-84.3106758,24.94,0.0,0.0,0.0,3,0.5,2.0,0.5,35.9305148,-84.3106758,nan,0.0
70.93585959099983,-2.0172404459999598,0,1,35.9305144,-84.3106832,24.94,-0.22135246000655157,-3.315857855073812,0.0,3,0.5,2.0,0.5,35.9305144,-84.3106832,nan,0.0
71.13705993599979,-1.8160401009999987,0,1,35.9305144,-84.3106832,24.94,0.0,0.0,0.0,3,0.5,2.0,0.5,35.9305144,-84.3106832,nan,0.0
71.33762654199927,-1.615473495000515,0,1,35.9305144,-84.3106832,24.94,0.0,0.0,0.0,3,0.5,2.0,0.5,35.9305144,-84.3106832,nan,0.0
71.53821773499931,-1.4148823020004784,0,1,35.9305144,-84.3106832,24.94,0.0,0.0,0.0,3,0.5,2.0,0.5,35.9305144,-84.3106832,nan,0.0
71.73942433199954,-1.2136757050002416,0,1,35.9305144,-84.3106832,24.88,0.0,0.0,-0.11,3,0.5,2.0,0.5,35.9305144,-84.3106832,nan,0.0
71.94146454399925,-1.01163549300054,0,1,35.9305119,-84.3107078,24.88,-1.3673017672220749,-10.894299439014727,-0.11,3,0.5,2.0,0.5,35.9305119,-84.3107078,nan,0.0
72.14525350599979,-0.8078465309999956,0,1,35.9305119,-84.3107078,24.88,0.0,0.0,-0.11,3,0.5,2.0,0.5,35.9305119,-84.3107078,nan,0.0
72.34642066600009,-0.6066793709997,0,1,35.9305119,-84.3107078,24.88,0.0,0.0,-0.11,3,0.5,2.0,0.5,35.9305119,-84.3107078,nan,0.0
72.54779608199988,-0.40530395499990846,0,1,35.9305119,-84.3107078,24.88,0.0,0.0,-0.11,3,0.5,2.0,0.5,35.9305119,-84.3107078,nan,0.0
72.74895278699933,-0.2041472500004602,0,1,35.9305119,-84.3107078,24.89,0.0,0.0,-0.13,3,0.5,2.0,0.5,35.9305119,-84.3107078,nan,0.0
72.95310003699979,0.0,1,1,35.9305061,-84.3107615,24.89,-2.805927709149863,-23.43476520932369,0.0,3,0.5,2.0,0.5,35.9305061,-84.3107615,nan,0.0
73.1541220680001,0.20102203100032057,1,1,35.93050682232135,-84.31076016192073,24.89,0.4,0.6,0.0,3,0.5,2.0,0.5,35.9305061,-84.3107615,nan,0.14495904805793802
73.35540930199932,0.40230926499953057,1,1,35.93050754559564,-84.31075882207617,24.89,0.4,0.6,0.0,3,0.5,2.0,0.5,35.9305061,-84.3107615,nan,0.2901093366084817
73.55709525199927,0.603995214999486,1,1,35.93050827030261,-84.31075747957759,24.89,0.4,0.6,0.0,3,0.5,2.0,0.5,35.9305061,-84.3107615,nan,0.43554714420848417
73.75767681099933,0.8045767739995426,1,1,35.93050099104123,-84.31083794443082,24.88,-4.0162687141472855,-35.96442243798125,0.0,3,0.5,2.0,0.5,35.9304981,-84.3108433,nan,0.5801885629190073
73.95930868699998,1.0062086500001897,1,1,35.9305017155539,-84.31083660229233,24.88,0.4,0.6,0.0,3,0.5,2.0,0.5,35.9304981,-84.3108433,nan,0.7255873762095226
74.16018491399973,1.207084876999943,1,1,35.930502437351336,-84.31083526518371,24.88,0.4,0.6,0.0,3,0.5,2.0,0.5,35.9304981,-84.3108433,nan,0.8704412836824748
74.36077016499985,1.4076701280000634,1,1,35.93050315810323,-84.31083393001195,24.88,0.4,0.6,0.0,3,0.5,2.0,0.5,35.9304981,-84.3108433,nan,1.0150853651831326
74.56133884099927,1.608238803999484,1,1,35.93050387879556,-84.31083259495053,24.88,0.4,0.6,0.0,3,0.5,2.0,0.5,35.9304981,-84.3108433,nan,1.159717494034591
74.76185551199978,1.8087554749999981,1,1,35.93049639930102,-84.3109196602365,24.81,-4.129214433291123,-38.93677584514935,0.0,3,0.5,2.0,0.5,35.9304899,-84.3109317,nan,1.304312122315712
74.9634304479996,2.0103304109998135,1,1,35.93049712360909,-84.31091831847715,24.81,0.4,0.6,0.0,3,0.5,2.0,0.5,35.9304899,-84.3109317,nan,1.4496698760900695
75.16397343300014,2.210873396000352,1,1,35.93049784420911,-84.31091698358688,24.81,0.4,0.6,0.0,3,0.5,2.0,0.5,35.9304899,-84.3109317,nan,1.5942834778790782
75.365253553,2.4121535160002168,1,1,35.93049856745783,-84.31091564378994,24.81,0.4,0.6,0.0,3,0.5,2.0,0.5,35.9304899,-84.3109317,nan,1.7394286368255754
75.56666772900007,2.613567692000288,1,1,35.930499291188255,-84.31091430310067,24.81,0.4,0.6,0.0,3,0.5,2.0,0.5,35.9304899,-84.3109317,nan,1.8846704650907435
75.76801282899942,2.8149127919996317,1,1,35.930494214670475,-84.31097346287258,24.68,-2.798256113063105,-26.413484460633583,0.0,3,0.5,2.0,0.5,35.9304841,-84.3109922,nan,2.0298624819543467
75.96945623299962,3.0163561959998333,1,1,35.930494938505916,-84.31097212198887,24.68,0.4,0.6,0.0,3,0.5,2.0,0.5,35.9304841,-84.3109922,nan,2.175125385974302
76.17068099599965,3.2175809589998607,1,1,35.93049566155573,-84.3109707825605,24.68,0.4,0.6,0.0,3,0.5,2.0,0.5,35.9304841,-84.3109922,nan,2.320230626744934
76.37200393199964,3.4189038949998576,1,1,35.9304963849583,-84.31096944247867,24.68,0.4,0.6,0.0,3,0.5,2.0,0.5,35.9304841,-84.3109922,nan,2.4654066604933877
76.57337428999926,3.6202742529994794,1,1,35.93049710853127,-84.31096810208118,24.68,0.4,0.6,0.0,3,0.5,2.0,0.5,35.9304841,-84.3109922,nan,2.6106168899614732
76.77431874899958,3.8212187119997907,1,1,35.93049393057388,-84.31100796451987,24.75,-1.7531002327666902,-17.817762368538887,0.0,3,0.5,2.0,0.5,35.9304802,-84.3110334,nan,2.7555200005869
76.97586246899937,4.022762431999581,1,1,35.93049465476979,-84.31100662296849,24.75,0.4,0.6,0.0,3,0.5,2.0,0.5,35.9304802,-84.3110334,nan,2.900855243348658
77.1763411539996,4.223241116999816,1,1,35.93049537513876,-84.31100528850637,24.75,0.4,0.6,0.0,3,0.5,2.0,0.5,35.9304802,-84.3110334,nan,3.0454224799151786
77.37753310399967,4.424433066999882,1,1,35.93049609807067,-84.31100394929649,24.75,0.4,0.6,0.0,3,0.5,2.0,0.5,35.9304802,-84.3110334,nan,3.19050405799746
77.57924775499941,4.626147717999629,1,1,35.93049682288077,-84.31100260660732,24.75,0.4,0.6,0.0,3,0.5,2.0,0.5,35.9304802,-84.3110334,nan,3.335962561415357
77.78015530599987,4.827055269000084,1,1,35.93049464479076,-84.3110304692917,24.9,-1.2009228679369732,-12.452547629780296,0.0,3,0.5,2.0,0.5,35.9304773,-84.3110626,nan,3.4808390560650873
77.98174430199924,5.028644264999457,1,1,35.930495369149355,-84.31102912743897,24.9,0.4,0.6,0.0,3,0.5,2.0,0.5,35.9304773,-84.3110626,nan,3.626206948911737
78.1823936969995,5.229293659999712,1,1,35.930496090131726,-84.3110277918406,24.9,0.4,0.6,0.0,3,0.5,2.0,0.5,35.9304773,-84.3110626,nan,3.770897284493964
78.38289979199999,5.429799755000204,1,1,35.930496810599195,-84.31102645719608,24.9,0.4,0.6,0.0,3,0.5,2.0,0.5,35.9304773,-84.3110626,nan,3.9154842865208397
78.58331913199981,5.6302190950000295,1,1,35.93049753075492,-84.31102512312903,24.9,0.4,0.6,0.0,3,0.5,2.0,0.5,35.9304773,-84.3110626,nan,4.060008728051458
78.78395871299927,5.83085867599948,1,1,35.930496051702036,-84.31104488759706,24.76,-0.7998120587978491,-8.71779248720964,0.0,3,0.5,2.0,0.5,35.9304751,-84.3110837,nan,4.204691986966373
78.98835309900005,6.035253062000265,1,1,35.93049678614108,-84.31104352707064,24.76,0.4,0.6,0.0,3,0.5,2.0,0.5,35.9304751,-84.3110837,nan,4.352082875193874
79.18992103799974,6.236821000999953,1,1,35.93049751042401,-84.31104218535812,24.76,0.4,0.6,0.0,3,0.5,2.0,0.5,35.9304751,-84.3110837,nan,4.4974355836220665
79.39120146699952,6.438101429999733,1,1,35.930498233673845,-84.31104084555939,24.76,0.4,0.6,0.0,3,0.5,2.0,0.5,35.9304751,-84.3110837,nan,4.64258096411754
79.59254075899935,6.639440721999563,1,1,35.930498957135185,-84.31103950536883,24.76,0.4,0.6,0.0,3,0.5,2.0,0.5,35.9304751,-84.3110837,nan,4.7877687928194765
79.79331375899983,6.840213722000044,1,1,35.9304980785617,-84.31105446894864,23.91,-0.48120623622690895,-6.669176735107816,0.0,3,0.5,2.0,0.5,35.9304735,-84.3111,nan,4.9325482622202435
79.99541857399981,7.042318537000028,1,1,35.930498804773755,-84.3110531236625,23.91,0.4,0.6,0.0,3,0.5,2.0,0.5,35.9304735,-84.3111,nan,5.078288116869444
80.19611323799927,7.243013200999485,1,1,35.9304995259188,-84.31105178776286,23.91,0.4,0.6,0.0,3,0.5,2.0,0.5,35.9304735,-84.3111,nan,5.223011097454952
80.39735371799998,7.444253681000191,1,1,35.93050024902508,-84.31105044823006,23.91,0.4,0.6,0.0,3,0.5,2.0,0.5,35.9304735,-84.3111,nan,5.368127671173111
80.59851488699951,7.6454148499997245,1,1,35.930500971846385,-84.3110491092252,23.91,0.4,0.6,0.0,3,0.5,2.0,0.5,35.9304735,-84.3111,nan,5.5131870526229525
80.79941519800013,7.846315161000348,1,1,35.93050019373037,-84.31106107195768,22.1,-0.42838866828841193,-5.3475018584420155,0.0,3,0.5,2.0,0.5,35.930472,-84.3111133,nan,5.658058327623232
81.00089585499973,8.04779581799994,1,1,35.93050091769967,-84.3110597308262,22.1,0.4,0.6,0.0,3,0.5,2.0,0.5,35.930472,-84.3111133,nan,5.803348095268832
81.2024242489997,8.24932421199992,1,1,35.93050164184051,-84.31105838937697,22.1,0.4,0.6,0.0,3,0.5,2.0,0.5,35.930472,-84.3111133,nan,5.94867228701824
81.40368086999933,8.450580832999549,1,1,35.93050236500479,-84.31105704973676,22.1,0.4,0.6,0.0,3,0.5,2.0,0.5,35.930472,-84.3111133,nan,6.09380049964863
81.60540787699938,8.652307839999594,1,1,35.93050308985929,-84.31105570696548,22.1,0.4,0.6,0.0,3,0.5,2.0,0.5,35.930472,-84.3111133,nan,6.23926791358473
81.80643984800008,8.853339811000296,1,1,35.93050251221636,-84.31106566882158,18.85,-0.31572239216464903,-4.437554485422045,0.0,3,0.5,2.0,0.5,35.9304707,-84.3111246,nan,6.384234129494925
82.00840809199963,9.055308054999841,1,1,35.93050323793768,-84.31106432444456,18.85,0.4,0.6,0.0,3,0.5,2.0,0.5,35.9304707,-84.3111246,nan,6.52987550155555
82.2090574519998,9.255957415000012,1,1,35.93050395891993,-84.31106298884653,18.85,0.4,0.6,0.0,3,0.5,2.0,0.5,35.9304707,-84.3111246,nan,6.674565812461359
82.41042540599938,9.45732536899959,1,1,35.93050468248426,-84.31106164846526,18.85,0.4,0.6,0.0,3,0.5,2.0,0.5,35.9304707,-84.3111246,nan,6.819774309782746
82.61194591799995,9.658845881000161,1,1,35.93050540659677,-84.31106030706852,18.85,0.4,0.6,0.0,3,0.5,2.0,0.5,35.9304707,-84.3111246,nan,6.965092816740128
82.81333927699961,9.860239239999828,1,1,35.93050493025239,-84.31106886651912,16.41,-0.25310854630626856,-3.762941428027211,0.0,3,0.5,2.0,0.5,35.9304695,-84.3111345,nan,7.110319634082411
83.01795819499966,10.064858157999879,1,1,35.93050566549823,-84.31106750449824,16.41,0.4,0.6,0.0,3,0.5,2.0,0.5,35.9304695,-84.3111345,nan,7.25787243342679
83.21936179199929,10.266261754999505,1,1,35.93050638919064,-84.31106616387974,16.41,0.4,0.6,0.0,3,0.5,2.0,0.5,35.9304695,-84.3111345,nan,7.403106632525927
83.42062786399947,10.467527826999685,1,1,35.93050711238889,-84.31106482417665,16.41,0.4,0.6,0.0,3,0.5,2.0,0.5,35.9304695,-84.3111345,nan,7.548241661825085
83.62174312499974,10.668643087999953,1,1,35.93050783504523,-84.31106348547743,16.41,0.4,0.6,0.0,3,0.5,2.0,0.5,35.9304695,-84.3111345,nan,7.693267938614911
83.82321749399944,10.870117456999651,1,1,35.930507758991936,-84.31107074438859,14.24,-0.035464541219758394,-3.19054216729164,0.0,3,0.5,2.0,0.5,35.9304687,-84.3111431,nan,7.838553171657788
84.02772821300005,11.07462817600026,1,1,35.930508493849,-84.31106938308791,14.24,0.4,0.6,0.0,3,0.5,2.0,0.5,35.9304687,-84.3111431,nan,7.986027949481121
84.22948465399986,11.276384617000076,1,1,35.930509218809256,-84.31106804012077,14.24,0.4,0.6,0.0,3,0.5,2.0,0.5,35.9304687,-84.3111431,nan,8.131516587148313
84.43066455699955,11.47756451999976,1,1,35.93050994169788,-84.31106670099128,14.24,0.4,0.6,0.0,3,0.5,2.0,0.5,35.9304687,-84.3111431,nan,8.276589478680394
84.63185478899959,11.678754751999804,1,1,35.93051066462361,-84.31106536179303,14.24,0.4,0.6,0.0,3,0.5,2.0,0.5,35.9304687,-84.3111431,nan,8.4216698182554
84.8334744369995,11.88037439999971,1,1,35.930510789092345,-84.31107181973704,11.1,0.06925100227830494,-2.8816247796650707,0.0,3,0.5,2.0,0.5,35.9304681,-84.3111509,nan,8.567059813655586
85.03534419700009,12.0822441600003,1,1,35.93051151445979,-84.3110704760156,11.1,0.4,0.6,0.0,3,0.5,2.0,0.5,35.9304681,-84.3111509,nan,8.712630167914144
85.23713315999976,12.284033122999972,1,1,35.93051223953691,-84.31106913283197,11.1,0.4,0.6,0.0,3,0.5,2.0,0.5,35.9304681,-84.3111509,nan,8.858142259214684
85.43842352699994,12.485323490000155,1,1,35.930512962822455,-84.31106779296721,11.1,0.4,0.6,0.0,3,0.5,2.0,0.5,35.9304681,-84.3111509,nan,9.003294806643945
85.63960239599965,12.68650235899986,1,1,35.93051368570736,-84.3110664538446,11.1,0.4,0.6,0.0,3,0.5,2.0,0.5,35.9304681,-84.3111509,nan,9.148366952547814
85.84102474499923,12.887924707999446,1,1,35.930514109467154,-84.31107231310163,9.66,0.2368220977117376,-2.5711199473649997,0.0,3,0.5,2.0,0.5,35.9304678,-84.3111581,nan,9.293614674051254
86.04557900799955,13.092478970999764,1,1,35.930514844480676,-84.31107095151114,9.66,0.4,0.6,0.0,3,0.5,2.0,0.5,35.9304678,-84.3111581,nan,9.441120850706342
86.24666881599933,13.293568778999543,1,1,35.93051556704556,-84.31106961298137,9.66,0.4,0.6,0.0,3,0.5,2.0,0.5,35.9304678,-84.3111581,nan,9.58612877319143
86.44789315099933,13.494793113999549,1,1,35.930516290093834,-84.31106827355613,9.66,0.4,0.6,0.0,3,0.5,2.0,0.5,35.9304678,-84.3111581,nan,9.731233704983277
86.64841666099983,13.695316624000043,1,1,35.93051701062387,-84.31106693879586,9.66,0.4,0.6,0.0,3,0.5,2.0,0.5,35.9304678,-84.3111581,nan,9.875833263798826
86.84941639799945,13.896316360999663,1,1,35.93051773286511,-84.31107240086563,9.47,0.4,-2.3974892659164184,0.0,3,0.5,2.0,0.5,35.9304678,-84.3111649,nan,10.020776235653072
87.05406004199995,14.100960005000161,1,1,35.93051846819981,-84.31107103868018,9.47,0.4,0.6,0.0,3,0.5,2.0,0.5,35.9304678,-84.3111649,nan,10.168346865993174
87.25546069199936,14.302360654999575,1,1,35.93051919188162,-84.31106969808133,9.47,0.4,0.6,0.0,3,0.5,2.0,0.5,35.9304678,-84.3111649,nan,10.313578940110615
87.45667461699941,14.503574579999622,1,1,35.93051991489249,-84.31106835872538,9.47,0.4,0.6,0.0,3,0.5,2.0,0.5,35.9304678,-84.3111649,nan,10.458676365369454
87.65823933999945,14.705139302999669,1,1,35.930520639163866,-84.31106701703439,9.47,0.4,0.6,0.0,3,0.5,2.0,0.5,35.9304678,-84.3111649,nan,10.604026754520836
87.85971318599968,14.906613148999895,1,1,35.930521863108694,-84.31107207594769,9.13,0.6719856125931518,-2.219005846283889,0.0,3,0.5,2.0,0.5,35.9304683,-84.3111713,nan,10.74931161098329
88.06432866799969,15.111228630999904,1,1,35.930522598342186,-84.3110707139497,9.13,0.4,0.6,0.0,3,0.5,2.0,0.5,35.9304683,-84.3111713,nan,10.89686193228976
88.2655045649999,15.312404528000116,1,1,35.93052332121641,-84.31106937484688,9.13,0.4,0.6,0.0,3,0.5,2.0,0.5,35.9304683,-84.3111713,nan,11.04193193487269
88.46682864000013,15.513728603000345,1,1,35.930524044623084,-84.31106803475772,9.13,0.4,0.6,0.0,3,0.5,2.0,0.5,35.9304683,-84.3111713,nan,11.187108790764261
88.66809149299934,15.714991455999552,1,1,35.93052476780976,-84.3110666950761,9.13,0.4,0.6,0.0,3,0.5,2.0,0.5,35.9304683,-84.3111713,nan,11.33224149747198
88.86952743499933,15.916427397999541,1,1,35.93052549161839,-84.31106505424232,9.71,0.4,0.7319103279740745,0.0,3,0.5,2.0,0.5,35.9304683,-84.311171,nan,11.47749902088368
89.07455079400006,16.121450757000275,1,1,35.93052622831749,-84.31106368952933,9.71,0.4,0.6,0.0,3,0.5,2.0,0.5,35.9304683,-84.311171,nan,11.625343467948804
89.27577274299983,16.32267270600005,1,1,35.930526951357194,-84.31106235011997,9.71,0.4,0.6,0.0,3,0.5,2.0,0.5,35.9304683,-84.311171,nan,11.77044667944855
89.47741485400002,16.52431481700023,1,1,35.93052767590664,-84.31106100791385,9.71,0.4,0.6,0.0,3,0.5,2.0,0.5,35.9304683,-84.311171,nan,11.915852873462953
89.67885406799996,16.72575403100018,1,1,35.930528399727024,-84.3110596670583,9.71,0.4,0.6,0.0,3,0.5,2.0,0.5,35.9304683,-84.311171,nan,12.061112755407997
