t_s,attack_time_s,sim_lat,sim_lon,pos_lat,pos_lon,pos_alt,e_vehicle_h_m,gps_present,gps_age_s,gps_status,gps_nsats,gps_hdop,gps_lat,gps_lon,gps_hacc,gps_vacc,gps_sacc,xkf_fs
0.0,-17.85952,35.9305139,-84.3106744,35.9305138,-84.3106742,0.03999999910593033,0.021187813353597616,1,0.159936,3,12,1.0,35.9305139,-84.3106744,0.5,2.0,0.5,0
0.09996,-17.75956,35.9305139,-84.3106744,35.9305138,-84.3106742,0.03999999910593033,0.021187813353597616,1,0.059976,3,12,1.0,35.9305139,-84.3106744,0.5,2.0,0.5,0
0.19992,-17.6596,35.9305139,-84.3106744,35.9305138,-84.3106742,0.03999999910593033,0.021187813353597616,1,0.039984,3,12,1.0,35.9305139,-84.3106744,0.5,2.0,0.5,0
0.29988,-17.55964,35.9305139,-84.3106744,35.9305138,-84.3106742,0.03999999910593033,0.021187813353597616,1,0.059976,3,12,1.0,35.9305139,-84.3106744,0.5,2.0,0.5,0
0.39984,-17.45968,35.9305139,-84.3106744,35.9305138,-84.3106742,0.03999999910593033,0.021187813353597616,1,0.039984,3,12,1.0,35.9305139,-84.3106744,0.5,2.0,0.5,0
0.4998,-17.35972,35.9305139,-84.3106744,35.9305138,-84.3106742,0.03999999910593033,0.021187813353597616,1,0.059976,3,12,1.0,35.9305139,-84.3106744,0.5,2.0,0.5,0
0.59976,-17.25976,35.9305139,-84.3106744,35.9305138,-84.3106742,0.03999999910593033,0.021187813353597616,1,0.039984,3,12,1.0,35.9305139,-84.3106744,0.5,2.0,0.5,0
0.69972,-17.1598,35.9305139,-84.3106744,35.9305138,-84.3106742,0.03999999910593033,0.021187813353597616,1,0.059976,3,12,1.0,35.9305139,-84.3106744,0.5,2.0,0.5,0
0.79968,-17.05984,35.9305139,-84.3106744,35.9305138,-84.3106742,0.03999999910593033,0.021187813353597616,1,0.039984,3,12,1.0,35.9305139,-84.3106744,0.5,2.0,0.5,0
0.89964,-16.95988,35.9305139,-84.3106744,35.9305138,-84.3106742,0.03999999910593033,0.021187813353597616,1,0.059976,3,12,1.0,35.9305139,-84.3106744,0.5,2.0,0.5,0
0.9996,-16.85992,35.9305139,-84.3106744,35.9305138,-84.3106742,0.03999999910593033,0.021187813353597616,1,0.039984,3,12,1.0,35.9305139,-84.3106744,0.5,2.0,0.5,0
1.09956,-16.75996,35.9305139,-84.3106744,35.9305138,-84.3106743,0.03999999910593033,0.014323823417739025,1,0.059976,3,12,1.0,35.9305139,-84.3106744,0.5,2.0,0.5,0
1.19952,-16.66,35.9305139,-84.3106744,35.9305138,-84.3106743,0.03999999910593033,0.014323823417739025,1,0.039984,3,12,1.0,35.9305139,-84.3106744,0.5,2.0,0.5,0
1.29948,-16.56004,35.9305139,-84.3106744,35.9305138,-84.3106743,0.03999999910593033,0.014323823417739025,1,0.059976,3,12,1.0,35.9305139,-84.3106744,0.5,2.0,0.5,0
1.39944,-16.46008,35.9305139,-84.3106744,35.9305138,-84.3106743,0.03999999910593033,0.014323823417739025,1,0.039984,3,12,1.0,35.9305139,-84.3106744,0.5,2.0,0.5,0
1.4994,-16.36012,35.9305139,-84.3106744,35.9305138,-84.3106743,0.03999999910593033,0.014323823417739025,1,0.059976,3,12,1.0,35.9305139,-84.3106744,0.5,2.0,0.5,0
1.59936,-16.26016,35.9305139,-84.3106744,35.9305138,-84.3106743,0.03999999910593033,0.014323823417739025,1,0.039984,3,12,1.0,35.9305139,-84.3106744,0.5,2.0,0.5,0
1.69932,-16.1602,35.9305139,-84.3106744,35.9305138,-84.3106743,0.03999999910593033,0.014323823417739025,1,0.079968,3,12,1.0,35.9305139,-84.3106744,0.5,2.0,0.5,0
1.79928,-16.06024,35.9305139,-84.3106744,35.9305138,-84.3106743,0.03999999910593033,0.014323823417739025,1,0.019992,3,12,1.0,35.9305139,-84.3106744,0.5,2.0,0.5,0
1.89924,-15.96028,35.9305139,-84.3106744,35.9305138,-84.3106743,0.03999999910593033,0.014323823417739025,1,0.079968,3,12,1.0,35.9305139,-84.3106744,0.5,2.0,0.5,0
1.9992,-15.86032,35.9305139,-84.3106744,35.9305138,-84.3106743,0.03999999910593033,0.014323823417739025,1,0.019992,3,12,1.0,35.9305139,-84.3106744,0.5,2.0,0.5,0
2.099993,-15.759527,35.9305139,-84.3106744,35.9305138,-84.3106743,0.03999999910593033,0.014323823417739025,1,0.079968,3,12,1.0,35.9305139,-84.3106744,0.5,2.0,0.5,0
2.199953,-15.659567,35.9305139,-84.3106744,35.9305138,-84.3106743,0.03999999910593033,0.014323823417739025,1,0.019992,3,12,1.0,35.9305139,-84.3106744,0.5,2.0,0.5,0
2.299913,-15.559607,35.9305139,-84.3106744,35.9305138,-84.3106743,0.03999999910593033,0.014323823417739025,1,0.079968,3,12,1.0,35.9305139,-84.3106744,0.5,2.0,0.5,0
2.399873,-15.459647,35.9305139,-84.3106744,35.9305138,-84.3106743,0.03999999910593033,0.014323823417739025,1,0.019992,3,12,1.0,35.9305139,-84.3106744,0.5,2.0,0.5,0
2.499833,-15.359687,35.9305139,-84.3106744,35.9305138,-84.3106743,0.03999999910593033,0.014323823417739025,1,0.079968,3,12,1.0,35.9305139,-84.3106744,0.5,2.0,0.5,0
2.599793,-15.259727,35.9305139,-84.3106744,35.9305138,-84.3106743,0.03999999910593033,0.014323823417739025,1,0.019992,3,12,1.0,35.9305139,-84.3106744,0.5,2.0,0.5,0
2.699753,-15.159767,35.9305139,-84.3106744,35.9305138,-84.3106743,0.03999999910593033,0.014323823417739025,1,0.079968,3,12,1.0,35.9305139,-84.3106744,0.5,2.0,0.5,0
2.799713,-15.059807,35.9305139,-84.3106744,35.9305138,-84.3106743,0.03999999910593033,0.014323823417739025,1,0.019992,3,12,1.0,35.9305139,-84.3106744,0.5,2.0,0.5,0
2.899673,-14.959847,35.9305139,-84.3106744,35.9305139,-84.3106744,0.03999999910593033,0.0,1,0.079968,3,12,1.0,35.9305139,-84.3106744,0.5,2.0,0.5,0
2.999633,-14.859887,35.9305139,-84.3106744,35.9305139,-84.3106744,0.03999999910593033,0.0,1,0.019992,3,12,1.0,35.9305139,-84.3106744,0.5,2.0,0.5,0
3.099593,-14.759927,35.9305139,-84.3106744,35.9305139,-84.3106744,0.03999999910593033,0.0,1,0.079968,3,12,1.0,35.9305139,-84.3106744,0.5,2.0,0.5,0
3.199553,-14.659967,35.9305139,-84.3106744,35.9305139,-84.3106744,0.03999999910593033,0.0,1,0.019992,3,12,1.0,35.9305139,-84.3106744,0.5,2.0,0.5,0
3.299513,-14.560007,35.9305139,-84.3106744,35.9305139,-84.3106744,0.03999999910593033,0.0,1,0.079968,3,12,1.0,35.9305139,-84.3106744,0.5,2.0,0.5,0
3.399473,-14.460047,35.9305139,-84.3106744,35.9305139,-84.3106744,0.03999999910593033,0.0,1,0.019992,3,12,1.0,35.9305139,-84.3106744,0.5,2.0,0.5,0
3.499433,-14.360087,35.9305139,-84.3106744,35.9305139,-84.3106744,0.03999999910593033,0.0,1,0.079968,3,12,1.0,35.9305139,-84.3106744,0.5,2.0,0.5,0
3.599393,-14.260127,35.9305139,-84.3106744,35.9305139,-84.3106744,0.04999999701976776,0.0,1,0.019992,3,12,1.0,35.9305139,-84.3106744,0.5,2.0,0.5,0
3.699353,-14.160167,35.9305139,-84.3106744,35.9305139,-84.3106744,0.05999999865889549,0.0,1,0.079968,3,12,1.0,35.9305139,-84.3106744,0.5,2.0,0.5,0
3.799313,-14.060207,35.9305139,-84.3106744,35.9305139,-84.3106744,0.07999999821186066,0.0,1,0.019992,3,12,1.0,35.9305139,-84.3106744,0.5,2.0,0.5,0
3.899273,-13.960247,35.9305139,-84.3106744,35.9305139,-84.3106744,0.10999999940395355,0.0,1,0.079968,3,12,1.0,35.9305139,-84.3106744,0.5,2.0,0.5,0
3.999233,-13.860287,35.9305139,-84.3106744,35.9305139,-84.3106744,0.14000000059604645,0.0,1,0.019992,3,12,1.0,35.9305139,-84.3106744,0.5,2.0,0.5,0
4.099193,-13.760327,35.9305139,-84.3106744,35.9305139,-84.3106744,0.17999999225139618,0.0,1,0.080801,3,12,1.0,35.9305139,-84.3106744,0.5,2.0,0.5,0
4.199986,-13.659534,35.9305139,-84.3106744,35.9305139,-84.3106744,0.25,0.0,1,0.019992,3,12,1.0,35.9305139,-84.3106744,0.5,2.0,0.5,0
4.299946,-13.559574,35.9305139,-84.3106744,35.9305139,-84.3106744,0.35999998450279236,0.0,1,0.079968,3,12,1.0,35.9305139,-84.3106744,0.5,2.0,0.5,0
4.399906,-13.459614,35.9305139,-84.3106744,35.9305139,-84.3106744,0.4599999785423279,0.0,1,0.019992,3,12,1.0,35.9305139,-84.3106744,0.5,2.0,0.5,0
4.499866,-13.359654,35.9305139,-84.3106744,35.9305139,-84.3106744,0.5399999618530273,0.0,1,0.079968,3,12,1.0,35.9305139,-84.3106744,0.5,2.0,0.5,0
4.599826,-13.259694,35.9305139,-84.3106744,35.9305139,-84.3106744,0.6100000143051147,0.0,1,0.019992,3,12,1.0,35.9305139,-84.3106744,0.5,2.0,0.5,0
4.699786,-13.159734,35.9305139,-84.3106744,35.9305139,-84.3106744,0.6699999570846558,0.0,1,0.079968,3,12,1.0,35.9305139,-84.3106744,0.5,2.0,0.5,0
4.799746,-13.059774,35.9305139,-84.3106744,35.9305139,-84.3106744,0.7599999904632568,0.0,1,0.019992,3,12,1.0,35.9305139,-84.3106744,0.5,2.0,0.5,0
4.899706,-12.959814,35.9305139,-84.3106744,35.9305139,-84.3106744,0.8799999952316284,0.0,1,0.09996,3,12,1.0,35.9305139,-84.3106744,0.5,2.0,0.5,0
4.999666,-12.859854,35.9305139,-84.3106744,35.9305139,-84.3106744,1.0299999713897705,0.0,1,0.0,3,12,1.0,35.9305139,-84.3106744,0.5,2.0,0.5,0
5.099626,-12.759894,35.9305139,-84.3106746,35.9305139,-84.3106744,1.1999999284744263,0.018027812063879902,1,0.09996,3,12,1.0,35.9305139,-84.3106744,0.5,2.0,0.5,0
5.199586,-12.659934,35.9305139,-84.3106746,35.9305139,-84.3106744,1.3799999952316284,0.018027812063879902,1,0.0,3,12,1.0,35.9305139,-84.3106744,0.5,2.0,0.5,0
5.299546,-12.559974,35.9305139,-84.3106746,35.9305139,-84.3106744,1.559999942779541,0.018027812063879902,1,0.09996,3,12,1.0,35.9305139,-84.3106744,0.5,2.0,0.5,0
5.399506,-12.460014,35.9305139,-84.3106746,35.9305139,-84.3106744,1.7599999904632568,0.018027812063879902,1,0.0,3,12,1.0,35.9305139,-84.3106744,0.5,2.0,0.5,0
5.499466,-12.360054,35.9305139,-84.3106746,35.9305139,-84.3106744,1.9499999284744263,0.018027812063879902,1,0.09996,3,12,1.0,35.9305139,-84.3106744,0.5,2.0,0.5,0
5.599426,-12.260094,35.9305139,-84.3106746,35.9305139,-84.3106744,2.169999837875366,0.018027812063879902,1,0.0,3,12,1.0,35.9305139,-84.3106744,0.5,2.0,0.5,0
5.699386,-12.160134,35.9305139,-84.3106746,35.9305139,-84.3106744,2.369999885559082,0.018027812063879902,1,0.09996,3,12,1.0,35.9305139,-84.3106746,0.5,2.0,0.5,0
5.799346,-12.060174,35.930514,-84.3106746,35.9305139,-84.3106744,2.5899999141693115,0.02118781333419634,1,0.0,3,12,1.0,35.9305139,-84.3106746,0.5,2.0,0.5,0
5.899306,-11.960214,35.930514,-84.3106748,35.9305139,-84.3106745,2.8499999046325684,0.02924339084273774,1,0.09996,3,12,1.0,35.9305139,-84.3106746,0.5,2.0,0.5,0
5.999266,-11.860254,35.930514,-84.3106748,35.9305139,-84.3106745,3.119999885559082,0.02924339084273774,1,0.0,3,12,1.0,35.9305139,-84.3106746,0.5,2.0,0.5,0
6.099226,-11.760294,35.930514,-84.3106748,35.9305139,-84.3106745,3.3999998569488525,0.02924339084273774,1,0.09996,3,12,1.0,35.9305139,-84.3106746,0.5,2.0,0.5,0
6.199186,-11.660334,35.930514,-84.3106748,35.9305139,-84.3106745,3.68999981880188,0.02924339084273774,1,0.0,3,12,1.0,35.9305139,-84.3106746,0.5,2.0,0.5,0
6.299979,-11.559541,35.9305142,-84.3106749,35.9305139,-84.3106745,3.990000009536743,0.0491457090521791,1,0.09996,3,12,1.0,35.9305139,-84.3106746,0.5,2.0,0.5,0
6.399939,-11.459581,35.9305142,-84.3106749,35.9305139,-84.3106745,4.299999713897705,0.0491457090521791,1,0.0,3,12,1.0,35.9305139,-84.3106746,0.5,2.0,0.5,0
6.499899,-11.359621,35.9305142,-84.3106749,35.9305139,-84.3106745,4.610000133514404,0.0491457090521791,1,0.09996,3,12,1.0,35.9305139,-84.3106746,0.5,2.0,0.5,0
6.599859,-11.259661,35.9305143,-84.3106749,35.9305139,-84.3106745,4.929999828338623,0.05729529374753907,1,0.0,3,12,1.0,35.9305139,-84.3106746,0.5,2.0,0.5,0
6.699819,-11.159701,35.9305143,-84.3106749,35.9305139,-84.3106745,5.239999771118164,0.05729529374753907,1,0.09996,3,12,1.0,35.9305143,-84.3106749,0.5,2.0,0.5,0
6.799779,-11.059741,35.9305143,-84.3106749,35.9305139,-84.3106745,5.569999694824219,0.05729529374753907,1,0.0,3,12,1.0,35.9305143,-84.3106749,0.5,2.0,0.5,0
6.899739,-10.959781,35.9305144,-84.3106749,35.930514,-84.3106746,5.920000076293945,0.05209603855942799,1,0.09996,3,12,1.0,35.9305143,-84.3106749,0.5,2.0,0.5,0
6.999699,-10.859821,35.9305144,-84.3106749,35.930514,-84.3106747,6.289999961853027,0.04803899163610935,1,0.0,3,12,1.0,35.9305143,-84.3106749,0.5,2.0,0.5,0
7.099659,-10.759861,35.9305144,-84.3106749,35.930514,-84.3106747,6.659999847412109,0.04803899163610935,1,0.09996,3,12,1.0,35.9305143,-84.3106749,0.5,2.0,0.5,0
7.199619,-10.659901,35.9305144,-84.3106751,35.9305141,-84.3106747,7.049999713897705,0.04914570898526451,1,0.0,3,12,1.0,35.9305143,-84.3106749,0.5,2.0,0.5,0
7.299579,-10.559941,35.9305145,-84.3106751,35.9305141,-84.3106747,7.449999809265137,0.0572952936901423,1,0.09996,3,12,1.0,35.9305143,-84.3106749,0.5,2.0,0.5,0
7.399539,-10.459981,35.9305145,-84.3106751,35.9305141,-84.3106747,7.849999904632568,0.0572952936901423,1,0.0,3,12,1.0,35.9305143,-84.3106749,0.5,2.0,0.5,0
7.499499,-10.360021,35.9305145,-84.3106751,35.9305141,-84.3106747,8.25,0.0572952936901423,1,0.09996,3,12,1.0,35.9305143,-84.3106749,0.5,2.0,0.5,0
7.599459,-10.260061,35.9305145,-84.3106751,35.9305141,-84.3106747,8.649999618530273,0.0572952936901423,1,0.0,3,12,1.0,35.9305143,-84.3106749,0.5,2.0,0.5,0
7.699419,-10.160101,35.9305145,-84.3106751,35.9305141,-84.3106747,9.050000190734863,0.0572952936901423,1,0.09996,3,12,1.0,35.9305145,-84.3106751,0.5,2.0,0.5,0
7.799379,-10.060141,35.9305145,-84.3106751,35.9305141,-84.3106747,9.449999809265137,0.0572952936901423,1,0.0,3,12,1.0,35.9305145,-84.3106751,0.5,2.0,0.5,0
7.899339,-9.960181,35.9305145,-84.3106751,35.9305143,-84.3106748,9.859999656677246,0.03502770588292896,1,0.09996,3,12,1.0,35.9305145,-84.3106751,0.5,2.0,0.5,0
7.999299,-9.860221,35.9305145,-84.3106751,35.9305143,-84.3106748,10.279999732971191,0.03502770588292896,1,0.0,3,12,1.0,35.9305145,-84.3106751,0.5,2.0,0.5,0
8.099259,-9.760261,35.9305145,-84.3106751,35.9305143,-84.3106748,10.6899995803833,0.03502770588292896,1,0.09996,3,12,1.0,35.9305145,-84.3106751,0.5,2.0,0.5,0
8.199219,-9.660301,35.9305145,-84.3106751,35.9305143,-84.3106748,11.09999942779541,0.03502770588292896,1,0.0,3,12,1.0,35.9305145,-84.3106751,0.5,2.0,0.5,0
8.299179,-9.560341,35.9305145,-84.3106751,35.9305143,-84.3106748,11.50999927520752,0.03502770588292896,1,0.09996,3,12,1.0,35.9305145,-84.3106751,0.5,2.0,0.5,0
8.399972,-9.459548,35.9305145,-84.3106751,35.9305143,-84.3106748,11.920000076293945,0.03502770588292896,1,0.019992,3,12,1.0,35.9305145,-84.3106751,0.5,2.0,0.5,0
8.499932,-9.359588,35.9305145,-84.3106751,35.9305143,-84.3106748,12.309999465942383,0.03502770588292896,1,0.079968,3,12,1.0,35.9305145,-84.3106751,0.5,2.0,0.5,0
8.599892,-9.259628,35.9305145,-84.3106751,35.9305143,-84.3106748,12.710000038146973,0.03502770588292896,1,0.019992,3,12,1.0,35.9305145,-84.3106751,0.5,2.0,0.5,0
8.699852,-9.159668,35.9305145,-84.3106751,35.9305143,-84.3106748,13.09999942779541,0.03502770588292896,1,0.079968,3,12,1.0,35.9305145,-84.3106751,0.5,2.0,0.5,0
8.799812,-9.059708,35.9305145,-84.3106751,35.9305143,-84.3106748,13.479999542236328,0.03502770588292896,1,0.0,3,12,1.0,35.9305145,-84.3106751,0.5,2.0,0.5,0
8.899772,-8.959748,35.9305145,-84.3106751,35.9305143,-84.3106749,13.84000015258789,0.028647647555479827,1,0.09996,3,12,1.0,35.9305145,-84.3106751,0.5,2.0,0.5,0
8.999732,-8.859788,35.9305145,-84.3106751,35.9305143,-84.3106749,14.199999809265137,0.028647647555479827,1,0.019992,3,12,1.0,35.9305145,-84.3106751,0.5,2.0,0.5,0
9.099692,-8.759828,35.9305145,-84.3106749,35.9305143,-84.3106749,14.549999237060547,0.022264000260179273,1,0.079968,3,12,1.0,35.9305145,-84.3106751,0.5,2.0,0.5,0
9.199652,-8.659868,35.9305145,-84.3106749,35.9305143,-84.3106749,14.889999389648438,0.022264000260179273,1,0.019992,3,12,1.0,35.9305145,-84.3106751,0.5,2.0,0.5,0
9.299612,-8.559908,35.9305145,-84.3106749,35.9305143,-84.3106749,15.229999542236328,0.022264000260179273,1,0.079968,3,12,1.0,35.9305145,-84.3106751,0.5,2.0,0.5,0
9.399572,-8.459948,35.9305144,-84.3106749,35.9305143,-84.3106749,15.569999694824219,0.011132000130089637,1,0.019992,3,12,1.0,35.9305145,-84.3106751,0.5,2.0,0.5,0
9.499532,-8.359988,35.9305144,-84.3106749,35.9305143,-84.3106749,15.899999618530273,0.011132000130089637,1,0.079968,3,12,1.0,35.9305145,-84.3106751,0.5,2.0,0.5,0
9.599492,-8.260028,35.9305144,-84.3106748,35.9305143,-84.3106749,16.219999313354492,0.014323823381866049,1,0.019992,3,12,1.0,35.9305145,-84.3106751,0.5,2.0,0.5,0
9.699452,-8.160068,35.9305143,-84.3106748,35.9305143,-84.3106749,16.549999237060547,0.009013905345859368,1,0.079968,3,12,1.0,35.9305145,-84.3106751,0.5,2.0,0.5,0
9.799412,-8.060108,35.9305143,-84.3106748,35.9305143,-84.3106749,16.869998931884766,0.009013905345859368,1,0.019992,3,12,1.0,35.9305143,-84.3106748,0.5,2.0,0.5,0
9.899372,-7.960148,35.9305143,-84.3106746,35.9305143,-84.3106748,17.170000076293945,0.018027811972671805,1,0.079968,3,12,1.0,35.9305143,-84.3106748,0.5,2.0,0.5,0
9.999332,-7.860188,35.9305142,-84.3106746,35.9305142,-84.3106748,17.459999084472656,0.01802781199547383,1,0.019992,3,12,1.0,35.9305143,-84.3106748,0.5,2.0,0.5,0
10.099292,-7.760228,35.9305142,-84.3106746,35.9305142,-84.3106747,17.739999771118164,0.009013906638213451,1,0.079968,3,12,1.0,35.9305143,-84.3106748,0.5,2.0,0.5,0
10.199252,-7.660268,35.9305142,-84.3106746,35.9305142,-84.3106747,18.010000228881836,0.009013906638213451,1,0.019992,3,12,1.0,35.9305143,-84.3106748,0.5,2.0,0.5,0
10.299212,-7.560308,35.930514,-84.3106744,35.9305142,-84.3106747,18.279998779296875,0.03502770650110882,1,0.079968,3,12,1.0,35.9305143,-84.3106748,0.5,2.0,0.5,0
10.400005,-7.459515,35.930514,-84.3106744,35.9305142,-84.3106747,18.549999237060547,0.03502770650110882,1,0.019992,3,12,1.0,35.9305143,-84.3106748,0.5,2.0,0.5,0
10.499965,-7.359555,35.930514,-84.3106744,35.9305142,-84.3106747,18.809999465942383,0.03502770650110882,1,0.079968,3,12,1.0,35.9305143,-84.3106748,0.5,2.0,0.5,0
10.599925,-7.259595,35.9305139,-84.3106744,35.9305142,-84.3106746,19.06999969482422,0.03795121601538657,1,0.019992,3,12,1.0,35.9305143,-84.3106748,0.5,2.0,0.5,0
10.699885,-7.159635,35.9305139,-84.3106744,35.9305142,-84.3106746,19.329999923706055,0.03795121601538657,1,0.079968,3,12,1.0,35.9305143,-84.3106748,0.5,2.0,0.5,0
10.799845,-7.059675,35.9305139,-84.3106744,35.9305142,-84.3106746,19.579999923706055,0.03795121601538657,1,0.019992,3,12,1.0,35.9305139,-84.3106744,0.5,2.0,0.5,0
10.899805,-6.959715,35.9305139,-84.3106743,35.930514,-84.3106745,19.81999969482422,0.021187813353597616,1,0.079968,3,12,1.0,35.9305139,-84.3106744,0.5,2.0,0.5,0
10.999765,-6.859755,35.9305139,-84.3106743,35.930514,-84.3106745,20.049999237060547,0.021187813353597616,1,0.019992,3,12,1.0,35.9305139,-84.3106744,0.5,2.0,0.5,0
11.099725,-6.759795,35.9305139,-84.3106743,35.930514,-84.3106745,20.270000457763672,0.021187813353597616,1,0.079968,3,12,1.0,35.9305139,-84.3106744,0.5,2.0,0.5,0
11.199685,-6.659835,35.9305139,-84.3106743,35.930514,-84.3106745,20.489999771118164,0.021187813353597616,1,0.019992,3,12,1.0,35.9305139,-84.3106744,0.5,2.0,0.5,0
11.299645,-6.559875,35.9305139,-84.3106741,35.9305139,-84.3106744,20.709999084472656,0.02704171745534331,1,0.079968,3,12,1.0,35.9305139,-84.3106744,0.5,2.0,0.5,0
11.399605,-6.459915,35.9305138,-84.3106741,35.9305139,-84.3106744,20.920000076293945,0.029243390905993656,1,0.019992,3,12,1.0,35.9305139,-84.3106744,0.5,2.0,0.5,0
11.499565,-6.359955,35.9305138,-84.3106741,35.9305139,-84.3106744,21.1299991607666,0.029243390905993656,1,0.079968,3,12,1.0,35.9305139,-84.3106744,0.5,2.0,0.5,0
11.599525,-6.259995,35.9305138,-84.3106741,35.9305139,-84.3106744,21.329999923706055,0.029243390905993656,1,0.019992,3,12,1.0,35.9305139,-84.3106744,0.5,2.0,0.5,0
11.699485,-6.160035,35.9305138,-84.3106741,35.9305139,-84.3106744,21.53999900817871,0.029243390905993656,1,0.079968,3,12,1.0,35.9305139,-84.3106744,0.5,2.0,0.5,0
11.799445,-6.060075,35.9305138,-84.3106741,35.9305139,-84.3106744,21.739999771118164,0.029243390905993656,1,0.039984,3,12,1.0,35.9305138,-84.3106741,0.5,2.0,0.5,0
11.899405,-5.960115,35.9305138,-84.3106741,35.9305139,-84.3106743,21.93000030517578,0.021187813372998892,1,0.059976,3,12,1.0,35.9305138,-84.3106741,0.5,2.0,0.5,0
11.999365,-5.860155,35.9305139,-84.3106741,35.9305139,-84.3106743,22.10999870300293,0.018027812063879902,1,0.019992,3,12,1.0,35.9305138,-84.3106741,0.5,2.0,0.5,0
12.099325,-5.760195,35.9305139,-84.3106741,35.9305139,-84.3106743,22.279998779296875,0.018027812063879902,1,0.079968,3,12,1.0,35.9305138,-84.3106741,0.5,2.0,0.5,0
12.199285,-5.660235,35.9305139,-84.3106741,35.9305139,-84.3106743,22.44999885559082,0.018027812063879902,1,0.039984,3,12,1.0,35.9305138,-84.3106741,0.5,2.0,0.5,0
12.299245,-5.560275,35.9305139,-84.3106741,35.9305139,-84.3106743,22.60999870300293,0.018027812063879902,1,0.059976,3,12,1.0,35.9305138,-84.3106741,0.5,2.0,0.5,0
12.399205,-5.460315,35.9305139,-84.3106741,35.9305139,-84.3106743,22.76999855041504,0.018027812063879902,1,0.039984,3,12,1.0,35.9305138,-84.3106741,0.5,2.0,0.5,0
12.499998,-5.359522,35.9305139,-84.3106743,35.9305139,-84.3106742,22.93000030517578,0.009013906672416487,1,0.060809,3,12,1.0,35.9305138,-84.3106741,0.5,2.0,0.5,0
12.599958,-5.259562,35.9305139,-84.3106743,35.9305139,-84.3106742,23.09000015258789,0.009013906672416487,1,0.039984,3,12,1.0,35.9305138,-84.3106741,0.5,2.0,0.5,0
12.699918,-5.159602,35.9305139,-84.3106743,35.9305139,-84.3106742,23.239999771118164,0.009013906672416487,1,0.059976,3,12,1.0,35.9305138,-84.3106741,0.5,2.0,0.5,0
12.799878,-5.059642,35.9305139,-84.3106744,35.9305139,-84.3106742,23.389999389648438,0.018027812063879902,1,0.039984,3,12,1.0,35.9305139,-84.3106743,0.5,2.0,0.5,0
12.899838,-4.959682,35.9305139,-84.3106744,35.9305139,-84.3106743,23.529998779296875,0.009013905391463413,1,0.059976,3,12,1.0,35.9305139,-84.3106743,0.5,2.0,0.5,0
12.999798,-4.859722,35.9305139,-84.3106744,35.9305139,-84.3106743,23.65999984741211,0.009013905391463413,1,0.039984,3,12,1.0,35.9305139,-84.3106743,0.5,2.0,0.5,0
13.099758,-4.759762,35.9305139,-84.3106744,35.9305139,-84.3106743,23.779998779296875,0.009013905391463413,1,0.059976,3,12,1.0,35.9305139,-84.3106743,0.5,2.0,0.5,0
13.199718,-4.659802,35.9305139,-84.3106746,35.9305139,-84.3106743,23.889999389648438,0.02704171745534331,1,0.039984,3,12,1.0,35.9305139,-84.3106743,0.5,2.0,0.5,0
13.299678,-4.559842,35.9305139,-84.3106746,35.9305139,-84.3106743,24.010000228881836,0.02704171745534331,1,0.059976,3,12,1.0,35.9305139,-84.3106743,0.5,2.0,0.5,0
13.399638,-4.459882,35.930514,-84.3106746,35.9305139,-84.3106743,24.119998931884766,0.02924339084273774,1,0.039984,3,12,1.0,35.9305139,-84.3106743,0.5,2.0,0.5,0
13.499598,-4.359922,35.930514,-84.3106748,35.9305139,-84.3106743,24.219999313354492,0.04642395839264535,1,0.059976,3,12,1.0,35.9305139,-84.3106743,0.5,2.0,0.5,0
13.599558,-4.259962,35.930514,-84.3106748,35.9305139,-84.3106743,24.31999969482422,0.04642395839264535,1,0.039984,3,12,1.0,35.9305139,-84.3106743,0.5,2.0,0.5,0
13.699518,-4.160002,35.9305142,-84.3106749,35.9305139,-84.3106743,24.420000076293945,0.0635634383806967,1,0.059976,3,12,1.0,35.9305139,-84.3106743,0.5,2.0,0.5,0
13.799478,-4.060042,35.9305142,-84.3106749,35.9305139,-84.3106743,24.51999855041504,0.0635634383806967,1,0.039984,3,12,1.0,35.9305142,-84.3106749,0.5,2.0,0.5,0
13.899438,-3.960082,35.9305142,-84.3106749,35.9305139,-84.3106744,24.600000381469727,0.05609416426781797,1,0.059976,3,12,1.0,35.9305142,-84.3106749,0.5,2.0,0.5,0
13.999398,-3.860122,35.9305143,-84.3106751,35.930514,-84.3106746,24.68000030517578,0.05609416422201657,1,0.039984,3,12,1.0,35.9305142,-84.3106749,0.5,2.0,0.5,0
14.099358,-3.760162,35.9305143,-84.3106751,35.930514,-84.3106746,24.75,0.05609416422201657,1,0.059976,3,12,1.0,35.9305142,-84.3106749,0.5,2.0,0.5,0
14.199318,-3.660202,35.9305144,-84.3106751,35.930514,-84.3106746,24.809999465942383,0.06335617748327387,1,0.039984,3,12,1.0,35.9305142,-84.3106749,0.5,2.0,0.5,0
14.299278,-3.560242,35.9305144,-84.3106753,35.930514,-84.3106746,24.85999870300293,0.07722704982322272,1,0.059976,3,12,1.0,35.9305142,-84.3106749,0.5,2.0,0.5,0
14.399238,-3.460282,35.9305144,-84.3106753,35.930514,-84.3106747,24.920000076293945,0.07005541131591479,1,0.039984,3,12,1.0,35.9305142,-84.3106749,0.5,2.0,0.5,0
14.499198,-3.360322,35.9305145,-84.3106753,35.930514,-84.3106747,24.969999313354492,0.07760833377736748,1,0.059976,3,12,1.0,35.9305142,-84.3106749,0.5,2.0,0.5,0
14.599991,-3.259529,35.9305145,-84.3106753,35.9305141,-84.3106747,25.010000228881836,0.07005541126310466,1,0.039984,3,12,1.0,35.9305142,-84.3106749,0.5,2.0,0.5,0
14.699951,-3.159569,35.9305145,-84.3106753,35.9305141,-84.3106747,25.049999237060547,0.07005541126310466,1,0.059976,3,12,1.0,35.9305142,-84.3106749,0.5,2.0,0.5,0
14.799911,-3.059609,35.9305145,-84.3106755,35.930514,-84.3106747,25.09000015258789,0.0910937289041227,1,0.039984,3,12,1.0,35.9305145,-84.3106753,0.5,2.0,0.5,0
14.899871,-2.959649,35.9305145,-84.3106755,35.9305141,-84.3106747,25.10999870300293,0.08475125144327518,1,0.059976,3,12,1.0,35.9305145,-84.3106753,0.5,2.0,0.5,0
14.999831,-2.859689,35.9305145,-84.3106755,35.9305142,-84.3106749,25.10999870300293,0.06356343971156989,1,0.059976,3,12,1.0,35.9305145,-84.3106753,0.5,2.0,0.5,0
15.099791,-2.759729,35.9305145,-84.3106756,35.9305142,-84.3106749,25.10999870300293,0.07139024650814883,1,0.039984,3,12,1.0,35.9305145,-84.3106753,0.5,2.0,0.5,0
15.199751,-2.659769,35.9305145,-84.3106756,35.9305142,-84.3106749,25.10999870300293,0.07139024650814883,1,0.059976,3,12,1.0,35.9305145,-84.3106753,0.5,2.0,0.5,0
15.299711,-2.559809,35.9305145,-84.3106756,35.9305142,-84.3106749,25.100000381469727,0.07139024650814883,1,0.039984,3,12,1.0,35.9305145,-84.3106753,0.5,2.0,0.5,0
15.399671,-2.459849,35.9305146,-84.3106758,35.9305142,-84.310675,25.09000015258789,0.0847512517812461,1,0.039984,3,12,1.0,35.9305145,-84.3106753,0.5,2.0,0.5,0
15.499631,-2.359889,35.9305146,-84.3106758,35.9305142,-84.3106751,25.09000015258789,0.07722705014887747,1,0.059976,3,12,1.0,35.9305145,-84.3106753,0.5,2.0,0.5,0
15.599591,-2.259929,35.9305146,-84.3106761,35.9305142,-84.3106753,25.079999923706055,0.0847512517812461,1,0.059976,3,12,1.0,35.9305145,-84.3106753,0.5,2.0,0.5,0
15.699551,-2.159969,35.9305145,-84.3106763,35.9305142,-84.3106755,25.079999923706055,0.07946901725432509,1,0.039984,3,12,1.0,35.9305145,-84.3106753,0.5,2.0,0.5,0
15.799511,-2.060009,35.9305145,-84.3106767,35.9305142,-84.3106758,25.079999923706055,0.08773017323830659,1,0.059976,3,12,1.0,35.9305145,-84.3106763,0.5,2.0,0.5,0
15.899471,-1.960049,35.9305145,-84.3106772,35.9305142,-84.3106763,25.06999969482422,0.08773017323830659,1,0.039984,3,12,1.0,35.9305145,-84.3106763,0.5,2.0,0.5,0
15.999431,-1.860089,35.9305145,-84.3106777,35.9305141,-84.3106768,25.059999465942383,0.0925420618651666,1,0.059976,3,12,1.0,35.9305145,-84.3106763,0.5,2.0,0.5,0
16.099391,-1.760129,35.9305145,-84.3106784,35.9305141,-84.3106775,25.049999237060547,0.0925420618651666,1,0.039984,3,12,1.0,35.9305145,-84.3106763,0.5,2.0,0.5,0
16.199351,-1.660169,35.9305145,-84.3106792,35.930514,-84.3106781,25.03999900817871,0.11370728116693657,1,0.059976,3,12,1.0,35.9305145,-84.3106763,0.5,2.0,0.5,0
16.299311,-1.560209,35.9305145,-84.3106801,35.930514,-84.3106789,25.029998779296875,0.12164747186374736,1,0.039984,3,12,1.0,35.9305145,-84.3106763,0.5,2.0,0.5,0
16.399271,-1.460249,35.9305144,-84.3106811,35.9305139,-84.3106797,25.01999855041504,0.1379243758091767,1,0.059976,3,12,1.0,35.9305145,-84.3106763,0.5,2.0,0.5,0
16.499231,-1.360289,35.9305143,-84.3106823,35.9305138,-84.3106805,25.0,0.17153191283052557,1,0.039984,3,12,1.0,35.9305145,-84.3106763,0.5,2.0,0.5,0
16.599191,-1.260329,35.9305142,-84.3106837,35.9305138,-84.3106815,24.989999771118164,0.2032436576881544,1,0.060809,3,12,1.0,35.9305145,-84.3106763,0.5,2.0,0.5,0
16.699984,-1.159536,35.9305139,-84.3106853,35.9305137,-84.3106825,24.979999542236328,0.25336944951051604,1,0.039984,3,12,1.0,35.9305145,-84.3106763,0.5,2.0,0.5,0
16.799944,-1.059576,35.9305139,-84.310687,35.9305136,-84.3106835,24.969999313354492,0.31724935888577727,1,0.059976,3,12,1.0,35.9305139,-84.3106854,0.5,2.0,0.5,0
16.899904,-0.959616,35.9305137,-84.310689,35.9305135,-84.3106853,24.959999084472656,0.33425681805727464,1,0.039984,3,12,1.0,35.9305139,-84.3106854,0.5,2.0,0.5,0
16.999864,-0.859656,35.9305134,-84.3106913,35.9305133,-84.3106878,24.94999885559082,0.315683046040122,1,0.059976,3,12,1.0,35.9305139,-84.3106854,0.5,2.0,0.5,0
17.099824,-0.759696,35.9305133,-84.3106937,35.9305131,-84.3106903,24.94999885559082,0.3072804338628969,1,0.039984,3,12,1.0,35.9305139,-84.3106854,0.5,2.0,0.5,0
17.199784,-0.659736,35.9305131,-84.3106964,35.930513,-84.3106927,24.939998626708984,0.3337002515140984,1,0.059976,3,12,1.0,35.9305139,-84.3106854,0.5,2.0,0.5,0
17.299744,-0.559776,35.9305127,-84.3106992,35.9305128,-84.310695,24.939998626708984,0.37874768423376526,1,0.039984,3,12,1.0,35.9305139,-84.3106854,0.5,2.0,0.5,0
17.399704,-0.459816,35.9305125,-84.3107023,35.9305126,-84.3106972,24.939998626708984,0.45984397265843413,1,0.059976,3,12,1.0,35.9305139,-84.3106854,0.5,2.0,0.5,0
17.499664,-0.359856,35.9305121,-84.3107055,35.9305124,-84.3106993,24.93000030517578,0.5598591156334181,1,0.039984,3,12,1.0,35.9305139,-84.3106854,0.5,2.0,0.5,0
17.599624,-0.259896,35.9305118,-84.3107091,35.9305123,-84.3107013,24.93000030517578,0.7052844129254462,1,0.059976,3,12,1.0,35.9305139,-84.3106854,0.5,2.0,0.5,0
17.699584,-0.159936,35.9305115,-84.3107129,35.9305121,-84.3107034,24.93000030517578,0.8589219868245019,1,0.039984,3,12,1.0,35.9305139,-84.3106854,0.5,2.0,0.5,0
17.799544,-0.059976,35.9305109,-84.3107172,35.9305119,-84.3107053,24.93000030517578,1.0784157647679198,1,0.059976,3,12,1.0,35.9305114,-84.3107132,0.5,2.0,0.5,0
17.899504,0.039984,35.9305106,-84.3107218,35.9305117,-84.310708,24.93000030517578,1.249931655083824,1,0.039984,3,12,1.0,35.9305114,-84.3107132,0.5,2.0,0.5,0
17.999464,0.139944,35.9305101,-84.3107266,35.9305113,-84.3107119,24.93000030517578,1.3317608299111996,1,0.059976,3,12,1.0,35.9305114,-84.3107132,0.5,2.0,0.5,0
18.099424,0.239904,35.9305096,-84.3107321,35.9305109,-84.3107163,24.93000030517578,1.431530797654418,1,0.039984,3,12,1.0,35.9305114,-84.3107132,0.5,2.0,0.5,0
18.199384,0.339864,35.930509,-84.3107378,35.9305105,-84.3107213,24.93000030517578,1.4966387201559257,1,0.079968,3,12,1.0,35.9305114,-84.3107132,0.5,2.0,0.5,0
18.299344,0.439824,35.9305084,-84.3107438,35.93051,-84.3107266,24.93000030517578,1.5605893159413609,1,0.019992,3,12,1.0,35.9305114,-84.3107132,0.5,2.0,0.5,0
18.399304,0.539784,35.9305078,-84.3107502,35.9305095,-84.3107319,24.939998626708984,1.6603649327674126,1,0.059976,3,12,1.0,35.9305114,-84.3107132,0.5,2.0,0.5,0
18.499264,0.639744,35.9305071,-84.3107567,35.9305091,-84.3107373,24.939998626708984,1.7628139197111454,1,0.039984,3,12,1.0,35.9305114,-84.3107132,0.5,2.0,0.5,0
18.599224,0.739704,35.9305064,-84.3107637,35.9305086,-84.3107425,24.939998626708984,1.9265775701776007,1,0.059976,3,12,1.0,35.9305114,-84.3107132,0.5,2.0,0.5,0
18.699184,0.839664,35.9305057,-84.3107709,35.9305082,-84.3107476,24.94999885559082,2.118598640756476,1,0.039984,3,12,1.0,35.9305114,-84.3107132,0.5,2.0,0.5,0
18.799977,0.940457,35.9305049,-84.3107783,35.9305078,-84.3107522,24.94999885559082,2.3746756602768726,1,0.140777,3,12,1.0,35.9305114,-84.3107132,0.5,2.0,0.5,0
18.899937,1.040417,35.9305042,-84.3107859,35.9305074,-84.3107575,24.959999084472656,2.5846155383358185,1,0.240737,3,12,1.0,35.9305114,-84.3107132,0.5,2.0,0.5,0
18.999897,1.140377,35.9305035,-84.3107938,35.9305069,-84.3107633,24.959999084472656,2.7751725926348834,1,0.340697,3,12,1.0,35.9305114,-84.3107132,0.5,2.0,0.5,0
19.099857,1.240337,35.9305027,-84.310802,35.9305064,-84.3107695,24.959999084472656,2.958333132584998,1,0.440657,3,12,1.0,35.9305114,-84.3107132,0.5,2.0,0.5,0
19.199817,1.340297,35.9305018,-84.3108105,35.9305059,-84.310776,24.959999084472656,3.1431124131243537,0,0.540617,nan,nan,nan,nan,nan,nan,nan,nan,0
19.299777,1.440257,35.930501,-84.310819,35.9305053,-84.3107828,24.959999084472656,3.2979576581018257,0,0.640577,nan,nan,nan,nan,nan,nan,nan,nan,0
19.399737,1.540217,35.9305002,-84.310828,35.9305047,-84.3107899,24.94999885559082,3.470640979445905,0,0.740537,nan,nan,nan,nan,nan,nan,nan,nan,0
19.499697,1.640177,35.9304993,-84.3108371,35.930504,-84.3107972,24.939998626708984,3.634406150202146,0,0.840497,nan,nan,nan,nan,nan,nan,nan,nan,0
19.599657,1.740137,35.9304984,-84.3108463,35.9305034,-84.3108047,24.939998626708984,3.7908700324720828,0,0.940457,nan,nan,nan,nan,nan,nan,nan,nan,0
19.699617,1.840097,35.9304974,-84.3108556,35.9305027,-84.3108124,24.93000030517578,3.938450828188961,0,1.040417,nan,nan,nan,nan,nan,nan,nan,nan,0
19.799577,1.940057,35.9304964,-84.3108653,35.930502,-84.3108203,24.920000076293945,4.103882445862308,0,1.140377,nan,nan,nan,nan,nan,nan,nan,nan,0
19.899537,2.040017,35.9304956,-84.310875,35.9305013,-84.3108283,24.90999984741211,4.25704935548992,0,1.240337,nan,nan,nan,nan,nan,nan,nan,nan,0
19.999497,2.139977,35.9304945,-84.3108848,35.9305006,-84.3108365,24.90999984741211,4.4063555043053855,0,1.340297,nan,nan,nan,nan,nan,nan,nan,nan,0
20.099457,2.239937,35.9304937,-84.3108948,35.9304999,-84.3108447,24.889999389648438,4.568404659795771,0,1.440257,nan,nan,nan,nan,nan,nan,nan,nan,0
20.199417,2.339897,35.9304926,-84.3109049,35.9304992,-84.310853,24.889999389648438,4.735560100160355,0,1.540217,nan,nan,nan,nan,nan,nan,nan,nan,0
20.299377,2.439857,35.9304917,-84.3109152,35.9304984,-84.3108615,24.8799991607666,4.897593478030191,0,1.640177,nan,nan,nan,nan,nan,nan,nan,nan,0
20.399337,2.539817,35.9304907,-84.3109255,35.9304977,-84.31087,24.869998931884766,5.063044039481775,0,1.740137,nan,nan,nan,nan,nan,nan,nan,nan,0
20.499297,2.639777,35.9304897,-84.310936,35.930497,-84.3108785,24.85999870300293,5.246316830978517,0,1.840097,nan,nan,nan,nan,nan,nan,nan,nan,0
20.599257,2.739737,35.9304888,-84.3109466,35.9304962,-84.3108872,24.850000381469727,5.417260687418599,0,1.940057,nan,nan,nan,nan,nan,nan,nan,nan,0
20.699217,2.839697,35.9304878,-84.3109571,35.9304955,-84.3108959,24.850000381469727,5.582708795676272,0,1.960049,nan,nan,nan,nan,nan,nan,nan,nan,0
20.799177,2.939657,35.9304868,-84.3109679,35.9304947,-84.3109046,24.84000015258789,5.773179153208892,0,1.860089,nan,nan,nan,nan,nan,nan,nan,nan,0
20.89997,3.04045,35.9304858,-84.3109788,35.930494,-84.3109134,24.829999923706055,5.965350889614341,0,1.759296,nan,nan,nan,nan,nan,nan,nan,nan,0
20.99993,3.14041,35.9304848,-84.3109896,35.9304932,-84.3109223,24.81999969482422,6.13800654886075,0,1.659336,nan,nan,nan,nan,nan,nan,nan,nan,0
21.09989,3.24037,35.9304839,-84.3110004,35.9304925,-84.3109312,24.809999465942383,6.310664928146014,0,1.559376,nan,nan,nan,nan,nan,nan,nan,nan,0
21.19985,3.34033,35.9304829,-84.3110114,35.9304917,-84.3109401,24.809999465942383,6.501147234280647,0,1.459416,nan,nan,nan,nan,nan,nan,nan,nan,0
21.29981,3.44029,35.9304818,-84.3110224,35.930491,-84.310949,24.799999237060547,6.695005667760602,0,1.359456,nan,nan,nan,nan,nan,nan,nan,nan,0
21.39977,3.54025,35.930481,-84.3110336,35.9304902,-84.310958,24.799999237060547,6.89104457846862,0,1.259496,nan,nan,nan,nan,nan,nan,nan,nan,0
21.49973,3.64021,35.9304799,-84.3110447,35.9304895,-84.3109669,24.78999900817871,7.093781066239869,0,1.159536,nan,nan,nan,nan,nan,nan,nan,nan,0
21.59969,3.74017,35.9304791,-84.3110559,35.9304887,-84.3109759,24.78999900817871,7.289885160304753,0,1.059576,nan,nan,nan,nan,nan,nan,nan,nan,0
21.69965,3.84013,35.930478,-84.3110671,35.9304879,-84.3109849,24.779998779296875,7.490945642806015,0,0.959616,nan,nan,nan,nan,nan,nan,nan,nan,0
21.79961,3.94009,35.9304771,-84.3110782,35.9304872,-84.310994,24.779998779296875,7.672539057959294,0,0.859656,nan,nan,nan,nan,nan,nan,nan,nan,0
21.89957,4.04005,35.9304762,-84.3110895,35.9304864,-84.3110031,24.779998779296875,7.870356385037973,0,0.759696,nan,nan,nan,nan,nan,nan,nan,nan,0
21.99953,4.14001,35.9304753,-84.3111007,35.9304857,-84.3110122,24.76999855041504,8.060882034291113,0,0.659736,nan,nan,nan,nan,nan,nan,nan,nan,0
22.09949,4.23997,35.9304743,-84.3111122,35.9304849,-84.3110212,24.76999855041504,8.287097659160006,0,0.559776,nan,nan,nan,nan,nan,nan,nan,nan,0
22.19945,4.33993,35.9304733,-84.3111234,35.9304841,-84.3110303,24.76999855041504,8.477632717700773,1,0.459816,1,0,-0.01,0.0,0.0,0.0,0.0,0.0,0
22.29941,4.43989,35.9304725,-84.3111349,35.9304834,-84.3110393,24.76999855041504,8.702306890428787,1,0.359856,1,0,-0.01,0.0,0.0,0.0,0.0,0.0,0
22.39937,4.53985,35.9304716,-84.3111462,35.9304826,-84.3110484,24.760000228881836,8.900243573574329,1,0.259896,1,0,-0.01,0.0,0.0,0.0,0.0,0.0,0
22.49933,4.63981,35.9304706,-84.3111577,35.9304818,-84.3110575,24.760000228881836,9.117586672936854,1,0.159936,1,0,-0.01,0.0,0.0,0.0,0.0,0.0,0
22.59929,4.73977,35.9304698,-84.3111691,35.930481,-84.3110666,24.760000228881836,9.323002316158776,1,0.059976,1,0,-0.01,0.0,0.0,0.0,0.0,0.0,0
22.69925,4.83973,35.9304689,-84.3111806,35.9304802,-84.3110756,24.75,9.547833835531089,1,0.039984,1,0,-0.01,0.0,0.0,0.0,0.0,0.0,0
22.79921,4.93969,35.930468,-84.3111919,35.9304795,-84.3110847,24.75,9.747345479897875,1,0.139944,1,0,-0.01,0.0,0.0,0.0,0.0,0.0,0
22.900003,5.040483,35.9304671,-84.3112034,35.9304787,-84.3110936,24.75,9.981158775306376,1,0.240737,1,0,-0.01,0.0,0.0,0.0,0.0,0.0,0
22.999963,5.140443,35.9304663,-84.3112149,35.9304779,-84.3111026,24.75,10.204654425407467,1,0.340697,1,0,-0.01,0.0,0.0,0.0,0.0,0.0,0
23.099923,5.240403,35.9304653,-84.3112263,35.9304772,-84.3111115,24.75,10.43241783880275,1,0.440657,1,0,-0.01,0.0,0.0,0.0,0.0,0.0,0
23.199883,5.340363,35.9304646,-84.3112376,35.9304764,-84.3111204,24.75,10.645656765472154,0,0.540617,nan,nan,nan,nan,nan,nan,nan,nan,0
23.299843,5.440323,35.9304638,-84.3112488,35.9304756,-84.3111291,24.75,10.869318156122034,0,0.640577,nan,nan,nan,nan,nan,nan,nan,nan,0
23.399803,5.540283,35.9304629,-84.3112601,35.9304749,-84.3111378,24.75,11.104654631664785,0,0.740537,nan,nan,nan,nan,nan,nan,nan,nan,0
23.499763,5.640243,35.9304622,-84.3112711,35.9304742,-84.3111464,24.760000228881836,11.319447538735387,0,0.840497,nan,nan,nan,nan,nan,nan,nan,nan,0
23.599723,5.740203,35.9304615,-84.3112823,35.9304734,-84.3111549,24.760000228881836,11.55987727913095,0,0.940457,nan,nan,nan,nan,nan,nan,nan,nan,0
23.699683,5.840163,35.9304608,-84.3112933,35.9304727,-84.3111633,24.760000228881836,11.79272575868211,0,1.040417,nan,nan,nan,nan,nan,nan,nan,nan,0
23.799643,5.940123,35.9304601,-84.3113042,35.930472,-84.3111715,24.760000228881836,12.034592132840356,0,1.140377,nan,nan,nan,nan,nan,nan,nan,nan,0
23.899603,6.040083,35.9304595,-84.3113149,35.9304713,-84.3111797,24.76999855041504,12.257397780294259,0,1.240337,nan,nan,nan,nan,nan,nan,nan,nan,0
23.999563,6.140043,35.9304587,-84.3113255,35.9304706,-84.3111877,24.76999855041504,12.491610834686213,0,1.340297,nan,nan,nan,nan,nan,nan,nan,nan,0
24.099523,6.240003,35.9304581,-84.3113362,35.93047,-84.3111955,24.779998779296875,12.751570472491897,0,1.440257,nan,nan,nan,nan,nan,nan,nan,nan,0
24.199483,6.339963,35.9304575,-84.3113465,35.9304693,-84.3112032,24.779998779296875,12.98355606398926,0,1.540217,nan,nan,nan,nan,nan,nan,nan,nan,0
24.299443,6.439923,35.9304571,-84.3113568,35.9304687,-84.3112107,24.78999900817871,13.232484063357305,0,1.640177,nan,nan,nan,nan,nan,nan,nan,nan,0
24.399403,6.539883,35.9304566,-84.3113669,35.930468,-84.311218,24.78999900817871,13.481577573394057,0,1.740137,nan,nan,nan,nan,nan,nan,nan,nan,0
24.499363,6.639843,35.9304561,-84.3113769,35.9304674,-84.3112251,24.799999237060547,13.74081888731946,0,1.840097,nan,nan,nan,nan,nan,nan,nan,nan,0
24.599323,6.739803,35.9304555,-84.3113867,35.9304669,-84.311232,24.799999237060547,14.00214976571586,0,1.940057,nan,nan,nan,nan,nan,nan,nan,nan,0
24.699283,6.839763,35.9304552,-84.3113963,35.9304663,-84.3112387,24.809999465942383,14.259564423144695,0,1.980041,nan,nan,nan,nan,nan,nan,nan,nan,0
24.799243,6.939723,35.9304548,-84.3114059,35.9304658,-84.3112452,24.81999969482422,14.53702292507215,0,1.880081,nan,nan,nan,nan,nan,nan,nan,nan,0
24.899203,7.039683,35.9304543,-84.311415,35.9304652,-84.3112515,24.81999969482422,14.78761325940919,0,1.780121,nan,nan,nan,nan,nan,nan,nan,nan,0
24.999996,7.140476,35.9304541,-84.3114241,35.9304647,-84.3112575,24.81999969482422,15.063466904785441,0,1.679328,nan,nan,nan,nan,nan,nan,nan,nan,0
25.099956,7.240436,35.9304537,-84.3114331,35.9304642,-84.3112633,24.829999923706055,15.350190787959235,0,1.579368,nan,nan,nan,nan,nan,nan,nan,nan,0
25.199916,7.340396,35.9304536,-84.3114417,35.9304638,-84.3112688,24.829999923706055,15.626363145579814,0,1.479408,nan,nan,nan,nan,nan,nan,nan,nan,0
25.299876,7.440356,35.9304534,-84.3114501,35.9304634,-84.3112741,24.84000015258789,15.903494847953702,0,1.379448,nan,nan,nan,nan,nan,nan,nan,nan,0
25.399836,7.540316,35.9304532,-84.3114583,35.930463,-84.311279,24.850000381469727,16.1987231374926,0,1.279488,nan,nan,nan,nan,nan,nan,nan,nan,0
25.499796,7.640276,35.9304531,-84.3114662,35.9304627,-84.3112837,24.850000381469727,16.48506665984292,0,1.179528,nan,nan,nan,nan,nan,nan,nan,nan,0
25.599756,7.740236,35.9304531,-84.3114739,35.9304625,-84.3112881,24.85999870300293,16.780508107946115,0,1.079568,nan,nan,nan,nan,nan,nan,nan,nan,0
